,t,x,y,vx,vy,ax,ay
0,0.0,-0.224829982209577,-0.374299649376341,-0.223028544010516,0.622964025375897,0.598992401005326,1.60621367460487
1,0.00555555555555555,-0.226076621720354,-0.37081645354133,-0.219547819110821,0.631913085274,0.653962162375893,1.56603135442934
2,0.0111111111111111,-0.227296719775163,-0.367284797823029,-0.215781656957439,0.64058917380945,0.704386854541551,1.52654477550135
3,0.0166666666666667,-0.228489864690811,-0.363705995596632,-0.211753124750615,0.649005596238863,0.750504680814064,1.48784332958226
4,0.0222222222222222,-0.22965566173292,-0.360081306620224,-0.207484122524115,0.657175202639819,0.792548302697753,1.45000769716831
5,0.0277777777777778,-0.230793732495393,-0.356411938510486,-0.202995407645372,0.66511039205162,0.830744858440008,1.41311007649319
6,0.0333333333333333,-0.231903714279879,-0.3526990482184,-0.198306619315641,0.67282311661603,0.865315981581781,1.3772144125306
7,0.0388888888888889,-0.23298525947524,-0.348943743504952,-0.193436303070147,0.680324885718024,0.896477819508098,1.34237662599683
8,0.0444444444444444,-0.23403803493702,-0.34514708441684,-0.188401935278238,0.687626770126538,0.924441051998552,1.30864484235331
9,0.05,-0.235061721366907,-0.341310084762175,-0.183219947643532,0.694739406135214,0.94941090977781,1.27605962080916
10,0.0555555555555556,-0.2360560126922,-0.337433713586188,-0.177905751704074,0.701672999703148,0.971587193066118,1.24465418332376
11,0.0611111111111111,-0.237020615445278,-0.333518896646935,-0.17247376333248,0.708437330595639,0.991164290129796,1.21445464360933
12,0.0666666666666667,-0.237955248143066,-0.329566517891,-0.166937427236093,0.715041756524936,1.00833119583175,1.18548023613346
13,0.0722222222222222,-0.238859640666497,-0.325577420929202,-0.161309241457132,0.721495217290984,1.02327153018196,1.15774354512171
14,0.0777777777777778,-0.239733533639984,-0.321552410512298,-0.155600781872843,0.727806238922174,1.036163556888,1.13125073356014
15,0.0833333333333333,-0.240576677810881,-0.317492254006688,-0.149822726695649,0.73398293781609,1.04718020190554,1.10600177219789
16,0.0888888888888889,-0.241388833428954,-0.313397682870121,-0.143984880973301,0.740033024880254,1.05648907198881,1.08199066854973
17,0.0944444444444444,-0.242169769625844,-0.309269394127398,-0.138096201089032,0.745963809672878,1.06425247324117,1.05920569589863
18,0.1,-0.242919263794536,-0.305108051846078,-0.132164819261701,0.751782204543609,1.07062742966554,1.03762962229832
19,0.105555555555556,-0.243637100968821,-0.300914288612184,-0.126198068045953,0.757494728774275,1.07576570171496,1.01723993957587
20,0.111111111111111,-0.244323073202767,-0.296688707005903,-0.120202504832361,0.763107512719636,1.07981380484308,0.99800909233421
21,0.116666666666667,-0.244976978950184,-0.292431881077296,-0.114183936347583,0.76862630194813,1.08291302805461,0.979904706954739
22,0.122222222222222,-0.245598622444086,-0.288144357822,-0.108147443154509,0.774056461382621,1.0851994524559,0.962889820599854
23,0.127777777777778,-0.246187813076165,-0.283826658656935,-0.102097404152416,0.779402979441146,1.08680396980541,0.946923110215529
24,0.133333333333333,-0.246744364776251,-0.279479280896006,-0.0960375210771128,0.784670472177663,1.08785230106417,0.931959121533872
25,0.138888888888889,-0.24726809539178,-0.275102699225809,-0.0899708430010975,0.789863187422796,1.08846501494637,0.917948498075688
26,0.144444444444444,-0.247758826067263,-0.270697367181334,-0.0838997908337034,0.79498500892459,1.08875754646979,0.90483821015304
27,0.15,-0.248216380623747,-0.266263718621676,-0.0778261818212525,0.800039460489249,1.08884021550632,0.892571783871814
28,0.155555555555556,-0.248640584938287,-0.261802169205731,-0.0717512540472049,0.805029710121892,1.08881824533247,0.881089530134278
29,0.161111111111111,-0.249031266323407,-0.257313117867908,-0.0656756909323106,0.809958574167293,1.08879178117989,0.870328773641648
30,0.166666666666667,-0.249388252906571,-0.252796948293828,-0.0595996457347598,0.814828521450637,1.08885590878584,0.860224081896646
31,0.172222222222222,-0.249711373009647,-0.248254030396034,-0.0535227660503342,0.819641677418259,1.0891006729437,0.850707494206065
32,0.177777777777778,-0.250000454528372,-0.243684721789693,-0.0474442183125571,0.824399828278397,1.08961109605348,0.841708750683332
33,0.183333333333333,-0.25025532431182,-0.239089369268299,-0.0413627122928451,0.829104425141939,1.09046719667234,0.833155521251066
34,0.188888888888889,-0.25047580754187,-0.234468310279383,-0.0352765256006584,0.83375658816317,1.09174400806506,0.824973634643645
35,0.194444444444444,-0.250661727112667,-0.229821874400211,-0.0291835281836519,0.838357110680518,1.09351159675453,0.817087307409768
36,0.2,-0.250812903010095,-0.225150384813497,-0.0230812068278258,0.842906463357304,1.09583508107232,0.809419372915011
37,0.205555555555556,-0.250929151691237,-0.220454159783099,-0.0169666896576766,0.847404798322489,1.09877464970912,0.801891510344397
38,0.211111111111111,-0.251010285463845,-0.21573351412973,-0.0108367706363481,0.85185195331142,1.10238558026525,0.794424473704956
39,0.216666666666667,-0.251056111865807,-0.21098876070666,-0.00468793406578197,0.85624745580658,1.10671825780121,0.786938320828283
40,0.222222222222222,-0.25106643304461,-0.206220211875422,0.00148362091313136,0.860590527178333,1.1118181933881,0.779352642373106
41,0.227777777777778,-0.251041045136808,-0.201428180981515,0.00768195582040168,0.864880086825675,1.11772604265822,0.771586790827845
42,0.233333333333333,-0.250979737647489,-0.196612983830112,0.0139113683367884,0.869114756316977,1.12447762435547,0.763560109513176
43,0.238888888888889,-0.250882292829741,-0.19177494016176,0.0201763678036495,0.873292863530739,1.13210393888596,0.755192161584589
44,0.244444444444445,-0.250748485064116,-0.186914375128091,0.0264816507227907,0.87741244679633,1.1406311868684,0.746402959034959
45,0.25,-0.250578080238099,-0.182031620767519,0.0328320762563146,0.881471259034742,1.1500807876847,0.737113191697097
46,0.255555555555556,-0.250370835125575,-0.177127017480954,0.0392326417264704,0.885466771899333,1.16046939803042,0.727244456246322
47,0.261111111111111,-0.250126496766293,-0.172200915507496,0.045688458115502,0.889396179916577,1.17180893046527,0.716719485203017
48,0.266666666666667,-0.24984480184533,-0.167253676400152,0.0522047255654978,0.893256404626814,1.18410657196365,0.705462375935195
49,0.272222222222222,-0.249525476072564,-0.162285674501528,0.0587867088782402,0.89704409872499,1.19736480246511,0.693398819661059
50,0.277777777777778,-0.249168233562136,-0.157297298419545,0.0654397130150539,0.900755650201414,1.21158141342487,0.680456330451566
51,0.283333333333333,-0.248778481416741,-0.152274754076921,0.0722121027556113,0.904370871423798,1.22652955485284,0.66639499015291
52,0.288888888888889,-0.24834378370647,-0.147246786346205,0.0790275914886017,0.907990242884401,1.2431690859722,0.650873941040473
53,0.294444444444444,-0.247856961268577,-0.142191010337128,0.0858643980472128,0.911530497128473,1.26108857155846,0.634265108437411
54,0.3,-0.247365964436176,-0.137129118898862,0.0928087545229764,0.915016189360477,1.28030352988342,0.616494287925049
55,0.305555555555555,-0.24682723539496,-0.132037521986568,0.099972857719371,0.918423933951597,1.30044735417746,0.597544533335608
56,0.311111111111111,-0.246233579930375,-0.126941012648322,0.107266266540683,0.921719837378,1.32153292272899,0.577470297305107
57,0.316666666666667,-0.245631241251777,-0.121834787672592,0.114615209033623,0.924893961760569,1.34380378657615,0.555938383726699
58,0.322222222222222,-0.2449817365212,-0.116666294283167,0.122055319051361,0.927914775071271,1.36681317604368,0.532699298719854
59,0.327777777777778,-0.244224674338233,-0.11150526692835,0.129606950230806,0.930772114466278,1.38998887371455,0.508049345849753
60,0.333333333333333,-0.243439671454686,-0.106341473363679,0.137270994609988,0.933462851694347,1.41361036494389,0.481964903196742
61,0.338888888888889,-0.242635321031039,-0.101124140098761,0.145035861967431,0.936038297886854,1.43791627565517,0.454148283094961
62,0.344444444444444,-0.241785035977908,-0.0959111361709797,0.152935967431376,0.938512315238999,1.46268813891473,0.424781027787393
63,0.35,-0.240915802404724,-0.0907123624253922,0.160998804332243,0.940878086606669,1.48797619292187,0.393995370289034
64,0.355555555555555,-0.240006671251238,-0.0854750345684246,0.169216632774543,0.943101644133886,1.51383299765658,0.361552749962942
65,0.361111111111111,-0.239076531314556,-0.0802393082669868,0.177609173980184,0.945141423749485,1.54014092240397,0.327507703507045
66,0.366666666666666,-0.238109439115867,-0.0749932046056098,0.186181305804531,0.947033657389074,1.56672828739681,0.291959965786399
67,0.372222222222222,-0.237097570533875,-0.0697277071988042,0.194950654640085,0.948761551723527,1.59311847380916,0.254653691590659
68,0.377777777777777,-0.235987918501262,-0.0644344270760351,0.203867664825155,0.950278590076055,1.61921807295877,0.215715303312221
69,0.383333333333333,-0.234893354305431,-0.0591816698786674,0.212938550266965,0.951548697952295,1.64535178045358,0.175487955533127
70,0.388888888888889,-0.233716871885864,-0.0538979320621096,0.222187220159053,0.952539431610181,1.67125016169707,0.133875368780399
71,0.394444444444444,-0.232519756526781,-0.0486274449954366,0.231557606188702,0.953280651432325,1.69662059709333,0.0908287902102403
72,0.4,-0.231265413031986,-0.0433491603405775,0.241003027266107,0.95384269315671,1.72124416545975,0.0464159458882661
73,0.405555555555555,-0.229925411449211,-0.038060066914703,0.250594562733902,0.954198894700057,1.74489918976336,0.000619153918186939
74,0.411111111111111,-0.228533762522714,-0.0327555287526243,0.26037079172771,0.954265212224723,1.76765041971863,-0.0466127066030238
75,0.416666666666666,-0.227066879143091,-0.0274438348892011,0.270234693446761,0.953995282675653,1.78927818431867,-0.0952035264826652
76,0.422222222222222,-0.225527687450777,-0.0221435381651101,0.280220772686651,0.953443917697226,1.80953055079525,-0.144870436996683
77,0.427777777777777,-0.223929293884989,-0.0168455773154823,0.290308558351713,0.952624352257763,1.82844492218812,-0.19554925716882
78,0.433333333333333,-0.222276112317826,-0.0115541927216448,0.300469123614348,0.951487025345632,1.84615612196128,-0.247333565566516
79,0.438888888888888,-0.22059530895127,-0.00626194837761964,0.31075248745814,0.950054936148391,1.86273266050374,-0.300114032092167
80,0.444444444444444,-0.218848211459264,-0.000984798584680059,0.321179236415869,0.94830996849259,1.87777420325815,-0.353638492055345
81,0.449999999999999,-0.216998445353018,0.00428574091087991,0.331751557454764,0.946217244919244,1.89102407809064,-0.407730277848529
82,0.455555555555555,-0.215114547784219,0.00953396252036328,0.342411316936381,0.943851901723982,1.90272561554131,-0.462423876105384
83,0.46111111111111,-0.213196391504565,0.0147868727384394,0.353110464484908,0.941177978836401,1.91285552766294,-0.517711829102296
84,0.466666666666666,-0.211197224374705,0.020031841101992,0.36389805592402,0.938146247182848,1.92121821379221,-0.573425319788498
85,0.472222222222222,-0.209128550266327,0.0252752351549704,0.374725394772995,0.934785170824627,1.92791541341427,-0.62932779289132
86,0.477777777777777,-0.207033964858933,0.0304716995640631,0.385554267433515,0.931118182659031,1.93299108519799,-0.685205966125979
87,0.483333333333333,-0.204877223621476,0.0356575214750025,0.396445984198483,0.927120384220993,1.93623801626965,-0.741021009807918
88,0.488888888888888,-0.202655363048989,0.0408057848469408,0.407373535135254,0.922766958028851,1.93750958306213,-0.796687407120073
89,0.494444444444444,-0.200347092802576,0.0459432263564925,0.418350371736165,0.918122809476123,1.93669164658427,-0.851998770198654
90,0.499999999999999,-0.197984075792496,0.0510465309176845,0.429333754785647,0.913178782249714,1.93389707137925,-0.906704082012104
91,0.505555555555555,-0.19556412214498,0.0560985783403423,0.440307796452893,0.907900815915619,1.92914639636072,-0.960716499089805
92,0.51111111111111,-0.193060389309144,0.0611362947006565,0.451254357670618,0.902310608939408,1.92251156032097,-1.01419222474991
93,0.516666666666666,-0.190562605506559,0.0661573658717746,0.462100229347186,0.896426091433641,1.91413739318053,-1.06694666675767
94,0.522222222222221,-0.187971497615212,0.0711337193310415,0.472927190814078,0.89024035784261,1.90370090857137,-1.1185770051035
95,0.527777777777777,-0.185325354786477,0.0760634790525495,0.483750276955048,0.883724324266885,1.89114149934254,-1.16916610392217
96,0.533333333333332,-0.182595012267578,0.0809796159171797,0.494496545225383,0.876926830982361,1.87654531676547,-1.21887240538261
97,0.538888888888888,-0.179785257876488,0.0858394331408069,0.505103784787519,0.869919624191951,1.86012526240675,-1.26746404386875
98,0.544444444444444,-0.17694366601707,0.0906652203518547,0.515510276793946,0.862631463320112,1.84226476531461,-1.31470546011605
99,0.549999999999999,-0.174051057477863,0.0954501572414712,0.525729066781899,0.855055696040389,1.82286129136253,-1.36042682339718
100,0.555555555555555,-0.171075757616653,0.100169264255855,0.535738978887866,0.847235999998309,1.80161738549598,-1.40452725333337
101,0.56111111111111,-0.168026227738471,0.104852477298309,0.545569664576478,0.839162019053525,1.77856367121092,-1.44704959102867
102,0.566666666666666,-0.164947725490396,0.109496369352321,0.555296959349655,0.830853680315993,1.75416257324497,-1.48818504431572
103,0.572222222222221,-0.161828986059828,0.114087176422795,0.564852174044293,0.822317382591732,1.72887917037974,-1.52798760790181
104,0.577777777777777,-0.158689199182077,0.118633195815896,0.57434953443794,0.813583045680697,1.70264732365307,-1.56649583343661
105,0.583333333333332,-0.155469311648921,0.123144565817675,0.583727056837432,0.804639967494,1.67473100015921,-1.60383779222579
106,0.588888888888888,-0.152157218458434,0.127603026842239,0.592858316652295,0.795554638237198,1.64502186039775,-1.63979145450346
107,0.594444444444443,-0.148812279203724,0.132009604690446,0.601893508367409,0.786372675833346,1.61432957090155,-1.67408156896568
108,0.599999999999999,-0.145426053280257,0.136358205012918,0.610882067210127,0.776915577591771,1.58283888950731,-1.70649091625982
109,0.605555555555554,-0.141997177355359,0.14063460967741,0.619564927724683,0.767234990064152,1.55034551305799,-1.73683524799318
110,0.61111111111111,-0.138523259063261,0.144842723378442,0.627846670176034,0.757482913180259,1.5169489754828,-1.76516338101042
111,0.616666666666665,-0.135013966214787,0.14897184865095,0.63596054206331,0.747544693009422,1.48286608770278,-1.79174146021774
112,0.622222222222221,-0.131476454091882,0.153063209396405,0.643840588195287,0.737383608572172,1.44825628318551,-1.81689283265989
113,0.627777777777777,-0.12789222967022,0.157090920362515,0.651465710516438,0.727159906945505,1.41317357503027,-1.84086423995747
114,0.633333333333332,-0.124268165624425,0.161087058713834,0.658935768882211,0.716832072146663,1.377640377162,-1.86372975888119
115,0.638888888888888,-0.120605330129102,0.165008915387554,0.666261552872347,0.706329287919415,1.3416354788341,-1.88535535912998
116,0.644444444444443,-0.116893046195063,0.168880105345173,0.673461735561751,0.69576638805176,1.30507394133261,-1.90577652691426
117,0.649999999999999,-0.113138710102512,0.172706064287537,0.680518269702992,0.685107326147555,1.26779108183362,-1.92518363898458
118,0.655555555555554,-0.109321162017983,0.176482831687719,0.687238599649367,0.674234971177115,1.22991687534547,-1.94361659919792
119,0.66111111111111,-0.105489459985858,0.180195373833716,0.693806036177561,0.663320725202768,1.19169310252343,-1.96094993125956
120,0.666666666666665,-0.101591893562104,0.183840942825542,0.700317237810417,0.652405928327688,1.15305104477783,-1.97702149336209
121,0.672222222222221,-0.0976635490931477,0.187401940761578,0.706630414710881,0.641412964026051,1.1140607589452,-1.99193574498369
122,0.677777777777776,-0.0937020981700829,0.190913189515782,0.712807245277511,0.630391715107463,1.07506857430364,-2.00618671518049
123,0.683333333333332,-0.0897452233468857,0.194390932879854,0.718728788117779,0.61932503962294,1.03610051590081,-2.02014142786814
124,0.688888888888887,-0.0857183393185097,0.197818233957537,0.724435740667273,0.60820337496044,0.996857692473182,-2.03350231786078
125,0.694444444444443,-0.0816685494098951,0.201170304076255,0.729982556207528,0.596968604484719,0.957634165110258,-2.04583829393804
126,0.699999999999999,-0.0776056447826255,0.20444287322196,0.735242126850576,0.58567069158403,0.918649552597383,-2.05725882206204
127,0.705555555555554,-0.0735023850500215,0.207672468978241,0.740222973732546,0.57438570345849,0.879698507016121,-2.06806835338625
128,0.71111111111111,-0.0693994877994625,0.210836311059754,0.744962133963887,0.563044295255573,0.840987728546317,-2.07827804325472
129,0.716666666666665,-0.0652781535365318,0.213931378461922,0.749550457984126,0.551607593729535,0.802718267753332,-2.08788931839459
130,0.722222222222221,-0.0611294744968883,0.216976677541192,0.75401605279808,0.540107206817914,0.764617279733518,-2.09695151111663
131,0.727777777777776,-0.0569448194829015,0.219945510793003,0.758156659412494,0.528597016188273,0.726291323172988,-2.10537822798195
132,0.733333333333332,-0.0527218042712386,0.22284262283893,0.762040811682511,0.517078508670391,0.687935915829272,-2.11338820543659
133,0.738888888888887,-0.0484896930595686,0.225710423237844,0.765768949188594,0.50547132526805,0.650015156463252,-2.12116020998605
134,0.744444444444443,-0.044246808641756,0.228491049483251,0.769275321787619,0.493777418263845,0.612353060873798,-2.12848449645318
135,0.749999999999998,-0.0399626316003827,0.231212133204308,0.772546637576282,0.482002517546962,0.574741513409836,-2.13533861999922
136,0.755555555555554,-0.0356918900137086,0.233859908428979,0.775692738484258,0.470198014827188,0.537419145965728,-2.14182067120353
137,0.761111111111109,-0.0314032913908128,0.236462753416149,0.77868420551248,0.458370830777079,0.500266215158017,-2.14782495704221
138,0.766666666666665,-0.027088605604778,0.238977569378568,0.781473766906149,0.446468517644648,0.463078711571282,-2.1531476211126
139,0.77222222222222,-0.0227641971245436,0.241427832444883,0.784041892380037,0.434515322688296,0.425829044082457,-2.15790627715088
140,0.777777777777776,-0.0183959326409032,0.243826294883769,0.786337313070844,0.422534228552071,0.388398261158764,-2.16232691272661
141,0.783333333333332,-0.0140331947117871,0.246156168491607,0.788471404027973,0.410595465832781,0.350739901317105,-2.16629404141001
142,0.788888888888887,-0.00962783643842184,0.248411043716231,0.790343755847435,0.398636432517342,0.312974741310778,-2.16969335403093
143,0.794444444444443,-0.00523081877469193,0.250605142515462,0.792099400796193,0.386560582569979,0.275562079370334,-2.17263735165067
144,0.799999999999998,-0.000832412566815068,0.252731732827554,0.793695657931768,0.374493007086845,0.238402122360976,-2.17508373334152
145,0.805555555555554,0.00361155745919466,0.254789855261679,0.794978389676279,0.362499939661247,0.200832368268861,-2.17670926373151
146,0.811111111111109,0.0080818226047639,0.256754842519217,0.796019532564944,0.350430891519042,0.16272626443679,-2.17749737575069
147,0.816666666666665,0.0125687734858183,0.258671810301472,0.796739485609583,0.338274155536292,0.124519660528533,-2.17784375796028
148,0.82222222222222,0.017051039903379,0.260538307578817,0.797294976788224,0.326102971029964,0.0868972440109154,-2.17764203662041
149,0.827777777777776,0.0215101805141169,0.262313179899971,0.79774575649011,0.313933021545707,0.0502158638570358,-2.17649826559434
150,0.833333333333331,0.0259655094971602,0.264024500099871,0.7979735285454,0.301823223432342,0.0147043546493495,-2.17444557038879
151,0.838888888888887,0.0303770847388383,0.265662031384158,0.797877836777311,0.289766043098202,-0.0195176891851269,-2.171553691883
152,0.844444444444442,0.0347873657917212,0.267240957657868,0.797553455375295,0.277715564327088,-0.0530180192108702,-2.16788451214089
153,0.849999999999998,0.0392049803175793,0.268740825037863,0.797103550833427,0.265678886608719,-0.0861811862486993,-2.16344494955774
154,0.855555555555554,0.0436080187457368,0.270172625892079,0.796577504906949,0.253643595006198,-0.119198818905867,-2.15816681478103
155,0.861111111111109,0.0480541990254029,0.271536743493605,0.795927361328099,0.241541823323446,-0.152132361497215,-2.15199353013486
156,0.866666666666665,0.052444918704474,0.272821759735973,0.794924450539854,0.229346536187999,-0.184568785987178,-2.14513844569377
157,0.87222222222222,0.0568510919134685,0.274074762077064,0.793696375880548,0.217140001208185,-0.216559024449339,-2.1380698684636
158,0.877777777777776,0.0612550925872162,0.275255612681332,0.792381628583112,0.204961875399294,-0.248545669788499,-2.13042656550787
159,0.883333333333331,0.0657027891189033,0.276353693437087,0.790868400918512,0.192890403264301,-0.280367438293456,-2.12174242856021
160,0.888888888888887,0.0701086440227673,0.2773934310833,0.789137747848969,0.180969704084739,-0.31129096785198,-2.11241042985861
161,0.894444444444442,0.074496050631307,0.278377842835905,0.787213649686446,0.169179091642127,-0.341413451419905,-2.1025476887497
162,0.899999999999998,0.0788918549464909,0.279295263997931,0.78512141940067,0.157495309414526,-0.370970591493663,-2.09181980492961
163,0.905555555555553,0.083239938454524,0.280130336001375,0.782897719500716,0.145883981775415,-0.399535487797701,-2.08038800860335
164,0.911111111111109,0.0875699225948718,0.28091791257211,0.780568707817713,0.134307315096694,-0.427238516705768,-2.06853365412928
165,0.916666666666664,0.0918933554958231,0.281633428407943,0.778128874222916,0.122776436593857,-0.454378074333812,-2.05597661421113
166,0.92222222222222,0.0961991265677918,0.282268889778844,0.775573140836169,0.111340178700371,-0.481145202586237,-2.04282882976314
167,0.927777777777775,0.100496921871627,0.282869178348701,0.772867031265729,0.0999874689704047,-0.507800382907941,-2.02942758290914
168,0.933333333333331,0.104782520458971,0.283389954232282,0.769943956742812,0.0887095221106671,-0.533820581493201,-2.0152892693873
169,0.938888888888887,0.109002588108958,0.283823105713389,0.766881253373782,0.0774973605064685,-0.559083800961558,-2.00035042971221
170,0.944444444444442,0.113256076564294,0.284212790225881,0.763672734274258,0.0664114900192842,-0.584379666796925,-1.98517498089819
171,0.949999999999998,0.117482551273227,0.284537048488192,0.7602900613335,0.055479439504784,-0.609610122692987,-1.96981882735739
172,0.955555555555553,0.121689233619136,0.284797502700448,0.756744136282221,0.0446691337366628,-0.634395822335135,-1.95431924598092
173,0.961111111111109,0.125870375223251,0.284996763309845,0.753093200714139,0.0338714780937708,-0.658613514502814,-1.93886817725032
174,0.966666666666664,0.130018866700047,0.285147012597454,0.749285114258417,0.0230608694823501,-0.68231529285099,-1.92345969929511
175,0.97222222222222,0.13416387468712,0.285247697636175,0.745278530064918,0.012365819754879,-0.70601081922135,-1.90796424240302
176,0.977777777777775,0.138307212608764,0.285269769628059,0.741222208903517,0.00182994396899279,-0.729571311620308,-1.89243855566257
177,0.983333333333331,0.142399864091802,0.285247830977237,0.737038600506337,-0.00859816798617955,-0.752428425212794,-1.87737145555664
178,0.988888888888886,0.146481558747765,0.285187936935535,0.732688935480447,-0.0189341039346304,-0.77446592747201,-1.86289184843066
179,0.994444444444442,0.150514079731176,0.285052967051817,0.728269264732313,-0.0291640039749182,-0.795978761513609,-1.84856932214073
180,1.0,0.154551021140001,0.28486030473237,0.723836114851109,-0.0392963439890002,-0.81745637814467,-1.83428906806176
181,1.00555555555555,0.158561467867927,0.284602412129885,0.719280418439901,-0.0493169623439883,-0.838625120928641,-1.82039613715762
182,1.01111111111111,0.162533631757684,0.284315134090369,0.714523930284896,-0.0592155299303391,-0.859169406449336,-1.80718741758437
183,1.01666666666666,0.166494197346958,0.28396210871265,0.709720257112943,-0.069078277265962,-0.879341345881991,-1.79442469308482
184,1.02222222222222,0.170400780110544,0.283545010950381,0.704926193166714,-0.0788807732634681,-0.899080737077506,-1.78189325841127
185,1.02777777777778,0.174289883661978,0.283082613551902,0.700030134389153,-0.0886106447833193,-0.918454304158879,-1.7697372390543
186,1.03333333333333,0.178153617887245,0.28256494966352,0.695052216971541,-0.0983047452277196,-0.937898004794038,-1.75809534034697
187,1.03888888888889,0.18201526599699,0.282001368053374,0.690051644776812,-0.107954522985949,-0.957306409026139,-1.74700398946779
188,1.04444444444444,0.185819888339256,0.281378489395684,0.684947624723615,-0.117519548040947,-0.976352635385629,-1.73620308722483
189,1.05,0.189626713220894,0.28068526957328,0.679762049741688,-0.12697450338016,-0.995249067477539,-1.72558727641988
190,1.05555555555555,0.19339449899739,0.279945265600666,0.674474069025008,-0.136383268469816,-1.01389940856565,-1.71541572127732
191,1.06111111111111,0.1971291538054,0.279156498933601,0.669027951108267,-0.145778435596666,-1.03239751443016,-1.70596472294759
192,1.06666666666666,0.20086315443832,0.278325893031224,0.663392625327378,-0.155132295511754,-1.05082663250544,-1.69714875525749
193,1.07222222222222,0.2045360509062,0.277427520400419,0.657627471702863,-0.164454608166286,-1.06912224710613,-1.68847619605705
194,1.07777777777778,0.208229554743559,0.276465483551825,0.651869271185435,-0.173806763418762,-1.0874137793112,-1.68015914829044
195,1.08333333333333,0.211834755286843,0.275487471232762,0.645961106398744,-0.183140159873022,-1.10515165688638,-1.67288871791782
196,1.08888888888889,0.215418578029412,0.274464606131986,0.63977004387586,-0.192385780413652,-1.12207179989197,-1.66632427245628
197,1.09444444444444,0.218944430167645,0.273371013109321,0.633260680858949,-0.201612718172074,-1.13833237086167,-1.65977748749286
198,1.1,0.222427828239574,0.272213527857307,0.626535435943955,-0.210902588377809,-1.15427216998528,-1.65324741091963
199,1.10555555555555,0.225898057104287,0.271003492107106,0.619738709894261,-0.220144754609856,-1.17022072781563,-1.6469558596639
200,1.11111111111111,0.229333283139845,0.269755547954593,0.612888615186408,-0.229316318609018,-1.18579817745797,-1.64110294569282
201,1.11666666666666,0.232737124245588,0.268462151881242,0.60612687373349,-0.238438388126793,-1.20034515420622,-1.63577379807764
202,1.12222222222222,0.236075375626143,0.267132084172297,0.599456915597649,-0.247512466567097,-1.21382553181493,-1.63086660059472
203,1.12777777777777,0.239385442101035,0.265761279210101,0.592710645679915,-0.256587546333787,-1.22674005284352,-1.62629663129517
204,1.13333333333333,0.242650174525571,0.264347646515051,0.585864926046251,-0.265622203400288,-1.23949483935219,-1.62193573852593
205,1.13888888888889,0.245899480003716,0.262881784916712,0.578879690259187,-0.274597981316789,-1.25227979909877,-1.61738444009139
206,1.14444444444444,0.249112610104815,0.261349955887628,0.571832153320876,-0.283478083010795,-1.26453945907629,-1.61205786569235
207,1.15,0.252251969418285,0.259736201873477,0.564728187573607,-0.292364243847508,-1.27603698034405,-1.60584768108722
208,1.15555555555555,0.255394228616895,0.258080562569622,0.55757154159253,-0.301326453885232,-1.28747618003419,-1.59901400163299
209,1.16111111111111,0.258503395495215,0.256357270757739,0.550341571963863,-0.310231459157992,-1.29890967003733,-1.59184831414709
210,1.16666666666666,0.261559259055586,0.254616360021241,0.542984060627407,-0.319092225111979,-1.30975968900833,-1.58472672960636
211,1.17222222222222,0.264567724511685,0.252822150229632,0.535593792508452,-0.327942642153634,-1.3197312318875,-1.57763782612363
212,1.17777777777777,0.267521640726908,0.250984317168549,0.528084498540526,-0.336777214416486,-1.32878156991948,-1.57041781324407
213,1.18333333333333,0.270413751108854,0.249103155376997,0.520535603011443,-0.3455655218043,-1.33704486083653,-1.56300145918887
214,1.18888888888889,0.273273025019786,0.247173308400444,0.513032663738025,-0.354324442732853,-1.3448471960397,-1.55513646999181
215,1.19444444444444,0.276096666358704,0.245184422872569,0.50550709999681,-0.363072680134726,-1.35237273406526,-1.54656388611731
216,1.2,0.278878411361373,0.243140872709885,0.497995677125304,-0.37171811402914,-1.35973407078947,-1.53727382506346
217,1.20555555555555,0.281633881059104,0.241042966028546,0.490421241428212,-0.380361096145486,-1.36700960665614,-1.52746362102535
218,1.21111111111111,0.284334773869869,0.238913174057245,0.482733636687852,-0.389011554419152,-1.37397928201084,-1.51727579645174
219,1.21666666666666,0.286986565835827,0.236734208085406,0.475082743350469,-0.39751935306438,-1.38064056907344,-1.50653375649767
220,1.22222222222222,0.289604574602479,0.23450414237326,0.467369304557719,-0.405922623485229,-1.38724354414484,-1.49522683457159
221,1.22777777777777,0.292175703074295,0.232243578636351,0.459505398608084,-0.414251659925006,-1.39381430098095,-1.48355156875344
222,1.23333333333333,0.294720960976889,0.229924270754567,0.451614107882271,-0.422478882750774,-1.40020233858297,-1.47144283112336
223,1.23888888888889,0.297198270280655,0.227565481161796,0.443760090001953,-0.430625429939232,-1.40644442197357,-1.45858321831314
224,1.24444444444444,0.299641603672483,0.225133210011808,0.435954174426607,-0.438700826505546,-1.41256601563402,-1.44460455966381
225,1.25,0.302014483893053,0.222649737551828,0.428113699375017,-0.446669402740949,-1.41833824358839,-1.42973968841462
226,1.25555555555555,0.304358334195428,0.220131683062963,0.420110769414266,-0.454513309192377,-1.42403143766797,-1.4144659898816
227,1.26111111111111,0.30666880702974,0.217558663871684,0.412049580484447,-0.462258791539559,-1.42992255191311,-1.39880189552955
228,1.26666666666666,0.308922517960452,0.214951408944909,0.404017336189036,-0.470021356271356,-1.43563941696834,-1.38268235241053
229,1.27222222222222,0.31109846463994,0.212300359315625,0.396040186176516,-0.477740810265825,-1.44109381305361,-1.36610269194718
230,1.27777777777777,0.313238234237213,0.209602605263935,0.388072657774855,-0.485311832547206,-1.44689541211885,-1.34913013984965
231,1.28333333333333,0.315359026796724,0.206876035098343,0.380026109835947,-0.492746364518394,-1.45316492490164,-1.33200864781624
232,1.28888888888889,0.317402020596197,0.204111940885492,0.371993660947805,-0.500115690372227,-1.45935274724943,-1.31482407829075
233,1.29444444444444,0.319390765902628,0.201306676372758,0.363913730699679,-0.507441961499625,-1.46578254922993,-1.29738046023345
234,1.3,0.321371322802819,0.198464472509801,0.355848867052935,-0.514616849875488,-1.47318314599116,-1.2796552623639
235,1.30555555555555,0.323313209613926,0.195591264824749,0.347828467376979,-0.521680831196188,-1.48157353089343,-1.26165119393559
236,1.31111111111111,0.325220143537027,0.192661783067595,0.339715285228728,-0.528672547646082,-1.49083773024727,-1.24314396883391
237,1.31666666666666,0.327080212047731,0.189690076140318,0.331454883027543,-0.535593853024768,-1.50101604443659,-1.22418818837141
238,1.32222222222222,0.328914837011613,0.186684436541484,0.323238900428088,-0.542410527553563,-1.511971212592,-1.20506906316505
239,1.32777777777777,0.330693489740461,0.183654190424867,0.315033539306063,-0.549032137136026,-1.52379352010998,-1.18596183224987
240,1.33333333333333,0.332455914513405,0.180590854718257,0.306696464134544,-0.555492431874852,-1.53683650702258,-1.16691274802891
241,1.33888888888889,0.334177043387518,0.177508574184005,0.298325223020226,-0.561855725481846,-1.55074081224315,-1.14783460337607
242,1.34444444444444,0.335840005342866,0.174380248222742,0.289783158625928,-0.56813067927663,-1.56481000108407,-1.128677457884
243,1.35,0.33743854495297,0.171230772145476,0.281120763355098,-0.574240955525804,-1.57917111962014,-1.10941618410412
244,1.35555555555555,0.339010602720143,0.16803934894327,0.272330155226031,-0.580115714393367,-1.59453431863538,-1.08973857196422
245,1.36111111111111,0.340563021192091,0.164798160344611,0.263438837705559,-0.585933412883951,-1.61089762030129,-1.06957207923407
246,1.36666666666666,0.342056767098246,0.161535990182246,0.254559289131343,-0.591773005893687,-1.62749376345789,-1.04925889418774
247,1.37222222222222,0.343485388683456,0.158239334673194,0.245652764407046,-0.597482195448615,-1.64354110549252,-1.02876075700769
248,1.37777777777777,0.344803504035353,0.154897719317507,0.236628283145675,-0.603007079770453,-1.65882939672328,-1.00775158337801
249,1.38333333333333,0.346075859050076,0.151517013701914,0.227386033916924,-0.608372021343974,-1.67387885208676,-0.986330275798213
250,1.38888888888889,0.347273756996114,0.148118792342698,0.217992903617558,-0.613623160599117,-1.68902494953794,-0.964739210969442
251,1.39444444444444,0.348428036316077,0.144682686341892,0.20854492809254,-0.61878944711226,-1.70458091682926,-0.943050204656208
252,1.4,0.349568057675103,0.141235516089944,0.199127231309245,-0.623870024338581,-1.72093174554091,-0.921344821447962
253,1.40555555555555,0.350670320558695,0.137760080675341,0.189666000901458,-0.628894675570789,-1.7377924571119,-0.899348093920555
254,1.41111111111111,0.351710493981333,0.134240502196797,0.180136370274623,-0.633880796181559,-1.75452496714845,-0.876916758450877
255,1.41666666666666,0.352681957034691,0.130703785368807,0.170500400120239,-0.638810947121788,-1.7708803907578,-0.854333743187882
256,1.42222222222222,0.353601066069101,0.127145333832414,0.160717575765701,-0.64361630210582,-1.78685729990986,-0.83182589939761
257,1.42777777777777,0.354457875339291,0.123584676775373,0.150880266187201,-0.648175175513609,-1.80223515119252,-0.809230946473049
258,1.43333333333333,0.355227084080969,0.119982599310337,0.140885802602036,-0.652533983550555,-1.81726272410532,-0.785953071335988
259,1.43888888888888,0.355985294455546,0.116347475271781,0.130621732928925,-0.656711606792885,-1.83244090590727,-0.761982543892429
260,1.44444444444444,0.356692146501306,0.112697290374291,0.12014327856256,-0.660773422156803,-1.84739051597263,-0.737697875722939
261,1.45,0.357333353059801,0.109015689790316,0.109565902462034,-0.664782855158385,-1.86161606059481,-0.713055930583952
262,1.45555555555555,0.357913135457868,0.105328075127747,0.0989428129302163,-0.668665299207529,-1.87505448188109,-0.687977531761927
263,1.46111111111111,0.358417916452514,0.10160878093747,0.0883242224967142,-0.672450589601478,-1.88783807232442,-0.662440359185986
264,1.46666666666666,0.358876159107201,0.097872573177333,0.0776994740587966,-0.67614596407484,-1.90018328243176,-0.636279174148206
265,1.47222222222222,0.359278131364533,0.0941092719603054,0.0670133409663686,-0.679698788618292,-1.91213457084846,-0.609345053383334
266,1.47777777777777,0.359632028697317,0.090327210825137,0.0562937662681502,-0.683061025190291,-1.92396853470525,-0.581866006557339
267,1.48333333333333,0.359959982556446,0.0865383294959984,0.0454907061484582,-0.686218566022815,-1.93557662288488,-0.553761015898042
268,1.48888888888888,0.360198683802635,0.0827041449304838,0.0346066477625293,-0.689261151198262,-1.94632724527003,-0.524634603211857
269,1.49444444444444,0.360385257874317,0.0788542575643103,0.0236877459891756,-0.692225778061276,-1.9562721451021,-0.494783978073538
270,1.5,0.360506298169622,0.074988152218141,0.012712054240078,-0.695023515306083,-1.96543121356638,-0.464532614390849
271,1.50555555555555,0.360552056580572,0.071112793130907,0.00163653573018671,-0.697702313282173,-1.97329223717116,-0.43377922952437
272,1.51111111111111,0.360516295019453,0.0672269664881304,-0.00954589292309388,-0.70023667271934,-1.97985420879587,-0.402475764608215
273,1.51666666666666,0.360424051911067,0.0633294747205124,-0.0207627810191537,-0.70259019387659,-1.98559674460412,-0.370546347006752
274,1.52222222222222,0.360291012956302,0.0594093774824976,-0.032025193787469,-0.704722147297122,-1.9908392342824,-0.337941928934587
275,1.52777777777777,0.360099357512808,0.0554841037428193,-0.0432990006134122,-0.706576710693604,-1.99541297277612,-0.304970024891288
276,1.53333333333333,0.359840990794155,0.0515759791170166,-0.0545476408631469,-0.708236616777671,-1.99852102032315,-0.271812138636488
277,1.53888888888888,0.359478461653684,0.0476508346032404,-0.0658336534778034,-0.709705150487804,-1.99985295019285,-0.238292417445338
278,1.54444444444444,0.359059149470284,0.0437319217346227,-0.0771531888150348,-0.710956244424999,-1.99996950332274,-0.204051704030457
279,1.55,0.358573634236168,0.0397670064645936,-0.0883674795507461,-0.712006684189962,-1.99930211861171,-0.16888768701744
280,1.55555555555555,0.358050628551221,0.0358105170493943,-0.0994413017111707,-0.712804038483063,-1.99794678585822,-0.133187383882008
281,1.56111111111111,0.357455695002798,0.0318470709474101,-0.110530902628766,-0.713394950229484,-1.9957632793584,-0.0972575652148827
282,1.56666666666666,0.356800650871684,0.0278936847380613,-0.121529755733942,-0.713844759758066,-1.99289248251094,-0.0609930781140666
283,1.57222222222222,0.356091558765401,0.0239205633646469,-0.132347640469986,-0.714096161669279,-1.98942867039157,-0.0241501227321479
284,1.57777777777777,0.355301504936116,0.0199453286631262,-0.143146417096083,-0.714142021773607,-1.98535229510643,0.0131765398106099
285,1.58333333333333,0.354480554204671,0.015979150182026,-0.153946977187965,-0.714028198630135,-1.98108419448668,0.0507282835736659
286,1.58888888888888,0.353593860274941,0.0120063164382371,-0.164761685056233,-0.713666302245841,-1.97641176304294,0.0886276887481903
287,1.59444444444444,0.35262416543383,0.00802806847806681,-0.175593287604348,-0.713000906844558,-1.97066222064894,0.127017208331255
288,1.6,0.351570292706803,0.00403970838681246,-0.186371051000483,-0.712107292311356,-1.96438679900154,0.165747638938364
289,1.60555555555555,0.350524052915803,6.15784895814492e-05,-0.1970618223698,-0.711006898763248,-1.95839267396991,0.204355772257554
290,1.61111111111111,0.349394063801746,-0.00389609519429484,-0.207778547168439,-0.709691909060729,-1.95227922545263,0.242599050538323
291,1.61666666666666,0.348215894358592,-0.00785011767575229,-0.218637605681636,-0.70821239017227,-1.94581373469693,0.280764458363174
292,1.62222222222222,0.346982245481181,-0.0117991203984832,-0.229432048461,-0.70656695206568,-1.93881870090274,0.319036268355036
293,1.62777777777777,0.345661890276176,-0.0157419417376069,-0.240056573462023,-0.704754438195517,-1.93099611303783,0.357023294054495
294,1.63333333333333,0.344290708216682,-0.0196481260006057,-0.25066195228204,-0.702759085096656,-1.92257454425059,0.394145344396162
295,1.63888888888888,0.342855740090661,-0.0235218394342989,-0.261340463881164,-0.70048661002949,-1.9136436260921,0.430644155563173
296,1.64444444444444,0.34136827647198,-0.0274090069855619,-0.272050401831389,-0.698000967027742,-1.90453759145143,0.467224424571637
297,1.65,0.339845142046238,-0.0312881071222083,-0.282732074512308,-0.695321262859417,-1.89572119188416,0.503767791966371
298,1.65555555555555,0.338282222232225,-0.0351430256714816,-0.293243659965778,-0.692392668495861,-1.88673587752909,0.539765732009306
299,1.66111111111111,0.336604615210245,-0.0389796334841577,-0.30362057313422,-0.689223495678844,-1.87678286618777,0.5750528922587
300,1.66666666666666,0.33485737779378,-0.0427916920535133,-0.313955639514096,-0.685854117343733,-1.86597324485774,0.609683084142894
301,1.67222222222222,0.33303862155163,-0.0465854939548861,-0.324242285337749,-0.682263982508708,-1.85499246206677,0.643784160510938
302,1.67777777777777,0.331197338609132,-0.0503602938841082,-0.334540177953467,-0.678512369216211,-1.8444674689529,0.677355529611564
303,1.68333333333333,0.329316394516678,-0.0541092712238359,-0.344872694671296,-0.674626750207551,-1.83446184987591,0.710362039530438
304,1.68888888888888,0.327377684013111,-0.0578456352657446,-0.355214517026578,-0.670488033125558,-1.82472465102913,0.742978143646544
305,1.69444444444444,0.325408668105418,-0.0615687141013943,-0.365425591339299,-0.666144798754154,-1.81508205630458,0.775328958562533
306,1.7,0.323380903114028,-0.0652802572443448,-0.375592364689473,-0.661665149878122,-1.80538806253455,0.80722058251057
307,1.70555555555555,0.321318742941288,-0.0689634307803207,-0.385624280433274,-0.657080396294958,-1.79586322753853,0.838169419895679
308,1.71111111111111,0.319197926132244,-0.0725959500358213,-0.395390523623082,-0.652355493272215,-1.78643170302778,0.86789314811965
309,1.71666666666666,0.317016795023314,-0.0762061378313183,-0.405134766312201,-0.647378485320273,-1.77652432034865,0.896436559996885
310,1.72222222222222,0.314751200547716,-0.0797623340375641,-0.41497449719617,-0.642221348170359,-1.76564714612756,0.924012413830429
311,1.72777777777777,0.312394633765892,-0.0833079846527969,-0.424739940135761,-0.636936473140487,-1.75383615716455,0.9510119790263
312,1.73333333333333,0.309993899471921,-0.0868197936604142,-0.434322772145622,-0.631524818690633,-1.74149120470934,0.977418113569832
313,1.73888888888888,0.307525220654448,-0.0903006807764932,-0.443798704389929,-0.626018970758972,-1.72895439570961,1.00316312355466
314,1.74444444444444,0.305022094559989,-0.0937544114826146,-0.453208957598162,-0.620391562368931,-1.71639411570008,1.02848972499436
315,1.74999999999999,0.302463349760532,-0.0971873823404863,-0.462503875293745,-0.614593267854562,-1.70371857170567,1.05332271117467
316,1.75555555555555,0.299867250411725,-0.100581097325771,-0.471744395719896,-0.608643247467147,-1.69108916344444,1.07736658008181
317,1.76111111111111,0.297230535823349,-0.103934384514498,-0.481099893695357,-0.602611366664314,-1.67851209872274,1.10049375404568
318,1.76666666666666,0.2945430209963,-0.107235467771074,-0.490451035854423,-0.596413591589281,-1.66560401592523,1.1229919924162
319,1.77222222222222,0.291807092395677,-0.110527166981066,-0.499740299239251,-0.590034059120552,-1.65225633612651,1.14535979979994
320,1.77777777777777,0.289022475712481,-0.113787418510143,-0.50900310141509,-0.583543656356588,-1.63860399415791,1.16758408105768
321,1.78333333333333,0.286194617873003,-0.117008784341872,-0.5181831691111,-0.5769537073667,-1.62455060167721,1.18954772075967
322,1.78888888888888,0.283292088983893,-0.120210978351802,-0.527236873967146,-0.570264064255209,-1.60990273194486,1.21135846338396
323,1.79444444444444,0.280345583492333,-0.123368503895388,-0.53620006058715,-0.563456316701911,-1.59473112467637,1.23291480182149
324,1.79999999999999,0.277343374135366,-0.126496170063985,-0.545149538332235,-0.55649004156029,-1.57887404743105,1.25398258583055
325,1.80555555555555,0.27427470948849,-0.12957344838404,-0.554129224390683,-0.549391501344785,-1.56220181042022,1.27436523300618
326,1.81111111111111,0.271156667827678,-0.13260526825187,-0.563076103309897,-0.542295829713979,-1.54503975479654,1.29421908624767
327,1.81666666666666,0.267991003619848,-0.135600950503316,-0.571791916570915,-0.535143478133068,-1.52747528000402,1.31380926196681
328,1.82222222222222,0.264775925962658,-0.138559881707569,-0.58029199333531,-0.527902267809992,-1.50922617421139,1.33309287267359
329,1.82777777777777,0.261485853900174,-0.141470260156989,-0.588655997245819,-0.52052961333218,-1.49047036651208,1.35202323016572
330,1.83333333333333,0.258172942924915,-0.144343511679035,-0.596885295405636,-0.513010298747249,-1.47168681175818,1.37048291157758
331,1.83888888888888,0.254818653989645,-0.147148231862944,-0.604988971499859,-0.505421138067469,-1.45270593532458,1.38842847826893
332,1.84444444444444,0.251408949975188,-0.149926999099602,-0.612962049681396,-0.497752328297985,-1.43352230819624,1.40624698957718
333,1.84999999999999,0.247983033390143,-0.152668367377744,-0.620867570783232,-0.490015273128283,-1.41463968257892,1.42413978515915
334,1.85555555555555,0.244517614947071,-0.155365203939904,-0.628646716768235,-0.482141931053497,-1.3959848389582,1.44202099641166
335,1.86111111111111,0.241007811934736,-0.158021829598591,-0.636311147380717,-0.474153619299152,-1.37729919041555,1.46003517068904
336,1.86666666666666,0.237469886638481,-0.160654227456225,-0.643966229803858,-0.466077977681893,-1.35841668067044,1.47806185279872
337,1.87222222222222,0.233858469023693,-0.163215856338522,-0.651448526629106,-0.457859374808494,-1.33910231837632,1.49567438388505
338,1.87777777777777,0.230204189546636,-0.165732164514331,-0.658667919172285,-0.449478572980627,-1.31959051964333,1.51294542623104
339,1.88333333333333,0.226529654230611,-0.168201295735664,-0.665859156952816,-0.440979190036269,-1.30035599356837,1.53009563518153
340,1.88888888888888,0.222835079492363,-0.170618890535242,-0.673083109054142,-0.432437696690157,-1.28121143609484,1.54706278366977
341,1.89444444444444,0.219070108453809,-0.172977674133878,-0.68021214588604,-0.423829875672737,-1.2612229964648,1.56395789796393
342,1.89999999999999,0.215227904206892,-0.175303293189116,-0.687276656742402,-0.415062844755543,-1.24047748448941,1.58102667373197
343,1.90555555555555,0.21139600949922,-0.177581357996672,-0.694160182156144,-0.406143747039496,-1.22003053841123,1.598391058324
344,1.91111111111111,0.207534403066259,-0.179830946888012,-0.700859131955045,-0.39719152965468,-1.1998416555859,1.61606107989065
345,1.91666666666666,0.203631757587207,-0.18202117017799,-0.707447606157831,-0.388256207185916,-1.17936591016962,1.63374246201162
346,1.92222222222222,0.199699479898382,-0.184155131173876,-0.713870783473775,-0.379222787304158,-1.1584948277231,1.65135167420704
347,1.92777777777777,0.195733060230304,-0.186247594990701,-0.72021592884292,-0.370028763382545,-1.13723072601966,1.6690462587978
348,1.93333333333333,0.191731308787231,-0.188277946245163,-0.726568875464684,-0.36072475131625,-1.11600776610114,1.68672586894725
349,1.93888888888888,0.187720841351374,-0.190255442442906,-0.732671096088239,-0.351322672914843,-1.09512425092885,1.70432550816986
350,1.94444444444444,0.183660723942138,-0.192182928287118,-0.738440954748822,-0.341823687665279,-1.07401545664457,1.72187136292151
351,1.94999999999999,0.179559553531255,-0.194056097843481,-0.744007994041548,-0.332213756849042,-1.0522766854681,1.73931296989726
352,1.95555555555555,0.175401452031657,-0.195861729242274,-0.749470617374039,-0.322468675771925,-1.0300362312276,1.75676302916265
353,1.96111111111111,0.171224962410667,-0.197638566063803,-0.754918732769526,-0.312617797707519,-1.00721041539194,1.77443329311236
354,1.96666666666666,0.166995869019123,-0.199353351725822,-0.760280695711071,-0.302678753609393,-0.983482476496987,1.79201540593503
355,1.97222222222222,0.162720727900712,-0.200998449250566,-0.765567595893132,-0.292591104408616,-0.959182989670305,1.80927278911477
356,1.97777777777777,0.158443898530281,-0.202597160602604,-0.770721623357007,-0.282355143887637,-0.934428012407993,1.82647018885622
357,1.98333333333333,0.154074852366062,-0.204142965465367,-0.775798730829484,-0.272009027375248,-0.909244470308094,1.84384421121556
358,1.98888888888888,0.149764344125376,-0.205641706596979,-0.780848864866783,-0.261607606672149,-0.884435565446678,1.86139858648731
359,1.99444444444444,0.145414690907674,-0.207081214378279,-0.785821308240141,-0.251169889404309,-0.859675726193645,1.87869189866581
360,1.99999999999999,0.141034761836693,-0.208433640266009,-0.790698772216669,-0.240704043932158,-0.833887135579833,1.89544877384848
361,2.00555555555555,0.136582654869606,-0.209737672748612,-0.795330295884768,-0.230162917648577,-0.807216231424992,1.91197811781214
362,2.01111111111111,0.132149267946083,-0.210981108001495,-0.799744781198546,-0.219504495526016,-0.780636200533691,1.92847070150386
363,2.01666666666666,0.127707197941799,-0.212165902576481,-0.803967236182758,-0.208797863088849,-0.754258116449682,1.94495581237866
364,2.02222222222222,0.123236033121492,-0.213308309632855,-0.808045099452968,-0.198002890669407,-0.727590434895778,1.96141375252901
365,2.02777777777777,0.118744541550261,-0.2143889724364,-0.811960904632493,-0.18708221440567,-0.700942618085996,1.97753154017313
366,2.03333333333333,0.114280639299409,-0.215391644438446,-0.81571933885117,-0.176101181505977,-0.67448279497573,1.99315598911608
367,2.03888888888888,0.109772840392934,-0.216341409430983,-0.819446063975594,-0.165101706908036,-0.647292574049291,2.00857100651766
368,2.04444444444444,0.105227866734183,-0.217232596079691,-0.823082005935698,-0.154085809549136,-0.618908474457603,2.02370517242713
369,2.04999999999999,0.10067029279942,-0.218046033573866,-0.826545034884398,-0.142981464433749,-0.589594789247684,2.03822178934692
370,2.05555555555555,0.0960812660437715,-0.218802153277025,-0.829813503208302,-0.131716056394123,-0.55936690571958,2.05222940504001
371,2.06111111111111,0.0914799708221218,-0.219496899858331,-0.832963710030594,-0.12033882923182,-0.52831564524176,2.06591069152151
372,2.06666666666666,0.086856554505311,-0.220136311259127,-0.835947008382637,-0.108849044910118,-0.496675691334406,2.0792197560845
373,2.07222222222222,0.0822255290328143,-0.220708477493552,-0.838789174420882,-0.0972342457673916,-0.464381298020556,2.09198699765844
374,2.07777777777777,0.0775629243443637,-0.221214525823848,-0.841488744583817,-0.0855375391691192,-0.431094244431794,2.1039392992226
375,2.08333333333333,0.0728862481192154,-0.221638656647909,-0.843910025547925,-0.0738127259784326,-0.396375176071126,2.11493091742311
376,2.08888888888888,0.0681494940723002,-0.222004551188184,-0.846069842515816,-0.0620568475282153,-0.359997694309716,2.12538934431615
377,2.09444444444444,0.0634044632888405,-0.222329464522648,-0.848049713109501,-0.0502231901617693,-0.322724322765842,2.13556965872821
378,2.09999999999999,0.0586666490503482,-0.22257044291754,-0.849845445710946,-0.0383012940708015,-0.285204529080982,2.14521256937033
379,2.10555555555555,0.0539179102807191,-0.222758109880933,-0.851364875064694,-0.0263235466525574,-0.247294754917064,2.15412458755467
380,2.1111111111111,0.0491660980760565,-0.222866767263641,-0.852652529891157,-0.01429960075311,-0.209133817334091,2.16209628912113
381,2.11666666666666,0.0444301706553094,-0.222917493463478,-0.853727488276929,-0.00228434474993814,-0.170880090714797,2.16918998641802
382,2.12222222222222,0.0396932439589742,-0.2228992038358,-0.854539774483259,0.00972014014035593,-0.132375402873772,2.17556110119588
383,2.12777777777777,0.0349591939986159,-0.222813930684873,-0.855158649078379,0.0217907922851241,-0.0932889574251433,2.18132571972345
384,2.13333333333333,0.0302048593931968,-0.222681544774745,-0.855584585343331,0.0339238309465369,-0.0535732559666394,2.18639052409744
385,2.13888888888888,0.0254662073130726,-0.2224602115058,-0.85579717706341,0.0461128887297431,-0.0135205198981781,2.19037803564514
386,2.14444444444444,0.0207257632886023,-0.222175875725879,-0.855829058754645,0.0583943728880401,0.0271884781949466,2.19335046606213
387,2.14999999999999,0.0159567749583596,-0.221822138696792,-0.855590846675131,0.0706821412536706,0.0685490915963666,2.1953944390078
388,2.15555555555555,0.0112296494356872,-0.221389346797592,-0.855041737421315,0.0829346382352023,0.109764884985531,2.19627581491793
389,2.1611111111111,0.00650667975460934,-0.220883113515287,-0.854279266016081,0.0952092982000029,0.150992705233097,2.19598564918796
390,2.16666666666666,0.0017792671270083,-0.220313972432884,-0.853382856169054,0.107473396585969,0.192966266637556,2.1948604364489
391,2.17222222222222,-0.00297466605708775,-0.219691902320438,-0.852256292369088,0.119681914939874,0.235676838771695,2.19309386360293
392,2.17777777777777,-0.00771587740717813,-0.219003549587785,-0.850682168023277,0.131862039715485,0.278949704927815,2.19025860014639
393,2.18333333333333,-0.0124770298237756,-0.218224351178907,-0.848835641064607,0.144040374835265,0.322519298489454,2.18593865015102
394,2.18888888888888,-0.0171945446944864,-0.21738077017611,-0.846847271273558,0.156231065225418,0.365978379186641,2.18052178782856
395,2.19444444444444,-0.0219262584866319,-0.216488352308241,-0.8446026557029,0.168417892121716,0.409356030994002,2.17457153880064
396,2.19999999999999,-0.0266366779524539,-0.215535741173381,-0.842161190564779,0.180535197850112,0.452473801103932,2.16802727140255
397,2.20555555555555,-0.0313276459015316,-0.214516918278413,-0.839520712101399,0.192624113128786,0.495272632168632,2.16050879854475
398,2.2111111111111,-0.0360135055117861,-0.213433827127805,-0.836656653746155,0.204647505936332,0.538245274342914,2.15187198094561
399,2.21666666666666,-0.0407115950750633,-0.212284625665547,-0.833694482019706,0.216607910055063,0.580866836947872,2.14220762523684
400,2.22222222222222,-0.0453247701823197,-0.21106927661729,-0.830602672892072,0.228516821455411,0.622130397235833,2.13157029613207
401,2.22777777777777,-0.0499307174434036,-0.209787939437908,-0.827204790869819,0.240344029443657,0.662149280578141,2.1198639875709
402,2.23333333333333,-0.0544899999533859,-0.208430870974827,-0.823496366825883,0.252074574996097,0.701341149276787,2.10696130131238
403,2.23888888888888,-0.0590546822053309,-0.206996083005606,-0.819600600688893,0.263755294464335,0.739986678044455,2.09278282354919
404,2.24444444444444,-0.0635890022338558,-0.205492670838118,-0.815466161149625,0.275381716974631,0.778239630787341,2.0774046117617
405,2.24999999999999,-0.0681160837525521,-0.20392963390608,-0.810998336906807,0.286867262139907,0.815971648793997,2.06084809922094
406,2.25555555555555,-0.0726056687891365,-0.202278718410234,-0.806338500147835,0.29823855763819,0.852778613308311,2.04301691262561
407,2.2611111111111,-0.0770418890280833,-0.200575036208701,-0.801356795319375,0.309524045175342,0.888453558919098,2.02398455824918
408,2.26666666666666,-0.0814639722212489,-0.198799058070933,-0.796185637804631,0.320741675895409,0.923338513068908,2.00390279455468
409,2.27222222222222,-0.0858559015815885,-0.196966307192291,-0.790942176559211,0.331881083693436,0.957678874841908,1.98298388280895
410,2.27777777777777,-0.090229182910071,-0.195077707305109,-0.785415877394652,0.342848446374163,0.991536986481865,1.96147179055746
411,2.28333333333333,-0.0945983195730733,-0.193135118305768,-0.779530906010877,0.353630420637355,1.02466076220089,1.93935490138238
412,2.28888888888888,-0.0989066437983584,-0.191120001057236,-0.773410549074314,0.364312040935818,1.05665854680724,1.91640471038308
413,2.29444444444444,-0.103198514354793,-0.189047082528642,-0.76725806349068,0.37488364977952,1.08733013112101,1.89275490479886
414,2.29999999999999,-0.107423007099851,-0.186926759043633,-0.760931921287218,0.385355648360098,1.11682701448802,1.86856177649778
415,2.30555555555555,-0.111649837283123,-0.184735095911792,-0.754413228807887,0.395713365993925,1.1452821378142,1.84364066608771
416,2.3111111111111,-0.115783648716386,-0.182486827090128,-0.747927874003483,0.405871912774665,1.17252878109723,1.81816089066026
417,2.31666666666666,-0.119918506174817,-0.180200404888937,-0.741437682091382,0.415865077506747,1.19902541826031,1.79252018135862
418,2.32222222222222,-0.124020345240087,-0.177870507251846,-0.734756625716839,0.425754414574586,1.22515890134296,1.76684507009337
419,2.32777777777777,-0.128106557116218,-0.175493200440176,-0.727923197276727,0.435470372078846,1.25049434913417,1.74099973423917
420,2.33333333333333,-0.132118255944826,-0.173061420421848,-0.720928751841047,0.445010476717546,1.27466719993875,1.7146542239451
421,2.33888888888888,-0.136091784952233,-0.170563454798966,-0.713798368107046,0.454425078915997,1.29788875710251,1.68764249469143
422,2.34444444444444,-0.140025532809395,-0.168011669486491,-0.706574852648973,0.463729824464182,1.32029088960821,1.66007706806254
423,2.34999999999999,-0.143920771887911,-0.165406189326859,-0.699290094784335,0.472906256949028,1.34204697288253,1.63195067676256
424,2.35555555555555,-0.1478031916608,-0.162735795832097,-0.691885243818682,0.481919035352086,1.36355306136566,1.60328513735172
425,2.3611111111111,-0.151638499761105,-0.160027648536997,-0.684345207913449,0.49072197374387,1.38435707444302,1.57446369644761
426,2.36666666666666,-0.155405902485727,-0.157285952783558,-0.676564186290628,0.499307349698105,1.40399119093168,1.54567931864663
427,2.37222222222222,-0.159130276217985,-0.154492629085762,-0.668497535907033,0.507787223544711,1.42278923887337,1.51664601492384
428,2.37777777777777,-0.162820381668771,-0.151650449842448,-0.660359512669467,0.516128838902996,1.44096733200455,1.48718244746894
429,2.38333333333333,-0.166472174715812,-0.148758440177131,-0.65210037801222,0.524305118984253,1.45836892131024,1.45737181169107
430,2.38888888888888,-0.170071733805535,-0.145824481312595,-0.643736223194505,0.532314064097986,1.47506281173666,1.42727093105058
431,2.39444444444444,-0.17364272797357,-0.142845652761335,-0.635403931780652,0.540110838449382,1.49113722435309,1.39701905602071
432,2.39999999999999,-0.177139655262476,-0.139836035822761,-0.627103705490468,0.547730736584833,1.50647735696904,1.36681244749197
433,2.40555555555555,-0.180608455632559,-0.136793158363247,-0.618778671385068,0.555165420759042,1.5212712809098,1.33649334607337
434,2.4111111111111,-0.184021242108371,-0.133708932277835,-0.610352750994416,0.562495351890722,1.53559670679753,1.30579430786459
435,2.41666666666666,-0.187386260535558,-0.130577563474843,-0.601864340659323,0.569663371079235,1.5493842560647,1.27464819770671
436,2.42222222222221,-0.190707844751901,-0.127403306399701,-0.593389915684432,0.576563764898602,1.56288297856055,1.24289753860032
437,2.42777777777777,-0.193991839988416,-0.124180237288622,-0.584777716572281,0.583282491203262,1.57605669074584,1.2106224455052
438,2.43333333333333,-0.197211193690776,-0.120936825937958,-0.576108874485554,0.589812890060181,1.58857565768498,1.17810005535609
439,2.43888888888888,-0.200390017677561,-0.11764573593272,-0.567477829303144,0.596117029302704,1.60057435570203,1.14518593104449
440,2.44444444444444,-0.203512429863974,-0.114318574969338,-0.558796362017494,0.602226586361237,1.61256091763857,1.1117835860248
441,2.44999999999999,-0.206615625038866,-0.11095332547342,-0.550000723290132,0.608209184271059,1.62468953816574,1.07810915819515
442,2.45555555555555,-0.209656914962293,-0.107563634534305,-0.541088700278625,0.61407735953699,1.63621496943284,1.04424423729331
443,2.4611111111111,-0.212613878180696,-0.104136340641791,-0.532036235445675,0.619695417249562,1.64686626070158,1.010018184672
444,2.46666666666666,-0.215533906390765,-0.100681801120086,-0.522885024989294,0.625040228235644,1.65729243890442,0.975276289863635
445,2.47222222222221,-0.218390696594061,-0.0971897523724972,-0.513644620088696,0.630234476332665,1.66749030386941,0.940024039877101
446,2.47777777777777,-0.221183510937641,-0.0936717911977156,-0.504283081907429,0.635311156628954,1.67740816022583,0.904400209170112
447,2.48333333333333,-0.223946589913306,-0.0901275123422052,-0.494901023738186,0.640256785849387,1.68729746053305,0.868365840967168
448,2.48888888888888,-0.226638425012532,-0.0865490146055775,-0.48542891207425,0.64505027232696,1.69723598978083,0.831883506379174
449,2.49444444444444,-0.229289873732373,-0.0829615433076075,-0.475793145417562,0.64966544212687,1.70768148105913,0.794971327166668
450,2.49999999999999,-0.23192051590454,-0.0793256746049297,-0.466188617434345,0.654133357053997,1.7189082878681,0.757522631575398
451,2.50555555555555,-0.23451155637668,-0.0756828528457219,-0.456637201901182,0.658447585450292,1.73022304684224,0.719706453593425
452,2.5111111111111,-0.237009941686673,-0.0720089811105294,-0.447017907591568,0.6625702044855,1.74100300343699,0.681620039941518
453,2.51666666666666,-0.239471645736568,-0.0683183681018308,-0.437351906508961,0.666495380309052,1.75173687499301,0.643080050008869
454,2.52222222222221,-0.241897537147378,-0.0645918001119586,-0.427600184494639,0.670160938573309,1.76272698542672,0.604044420642262
455,2.52777777777777,-0.244258291583625,-0.0608595182321019,-0.417708009233223,0.673593440861314,1.77341212436513,0.564723452786671
456,2.53333333333333,-0.246557255112811,-0.0571032926404742,-0.407713446927192,0.676788813891931,1.78378092780938,0.525227980711813
457,2.53888888888888,-0.24882691048364,-0.0533395747705488,-0.39775505735699,0.679740590293977,1.79380269222576,0.485495496958789
458,2.54444444444444,-0.251006867080626,-0.0495542034464105,-0.387838656238666,0.682454153173617,1.80329354265406,0.445422847314123
459,2.54999999999999,-0.253177722216362,-0.0457539395952911,-0.377911093725672,0.684897899018079,1.81264711091184,0.404864511050684
460,2.55555555555555,-0.255264728837272,-0.0419344711020815,-0.367927041667049,0.687109351711727,1.82171143397447,0.364046727661383
461,2.5611111111111,-0.257292618066911,-0.0381144981916095,-0.3578474604041,0.689119078110753,1.82984490785204,0.323389882459294
462,2.56666666666666,-0.259220374306021,-0.0342916807979707,-0.347672128611755,0.690886175296504,1.83680841596274,0.282775088321998
463,2.57222222222221,-0.261110857111347,-0.0304446936832896,-0.337458213650608,0.692366075530781,1.84318283219537,0.241927752711084
464,2.57777777777777,-0.262951863226231,-0.0265889532279606,-0.327284548721761,0.693619649280881,1.84923577547101,0.200863810993698
465,2.58333333333333,-0.264709466063469,-0.0227218478113007,-0.317048134236501,0.694615251735696,1.85441791590867,0.159738805620617
466,2.58888888888888,-0.266409570710605,-0.0188582534371763,-0.306800288594413,0.695321043865915,1.85913513460549,0.118805655696369
467,2.59444444444444,-0.26809928762865,-0.0150039375579277,-0.296584342060131,0.695820496626938,1.8640897380935,0.0781346507291682
468,2.59999999999999,-0.269731130409746,-0.0111441868893941,-0.286236664600924,0.696145505833627,1.86884729050035,0.0375773717545013
469,2.60555555555555,-0.271310333899306,-0.00727851920951225,-0.275778251157468,0.696275183027012,1.87303809576152,-0.00276029696594
470,2.6111111111111,-0.272826235352143,-0.00342562243549359,-0.265329307196784,0.696195082660905,1.87669256526422,-0.0426688157004933
471,2.61666666666666,-0.274274781060219,0.00042995384245446,-0.254919318459379,0.6958585050341,1.87975337362245,-0.0822370265074905
472,2.62222222222221,-0.275670608796655,0.00428559068109697,-0.244495052337492,0.695236072831482,1.88232338138741,-0.121610362538519
473,2.62777777777777,-0.27701446986381,0.00815071346026648,-0.23411705948131,0.694370498527613,1.88463223395315,-0.160852534980326
474,2.63333333333333,-0.278322028681378,0.0120107356856519,-0.223651379964923,0.693227773894876,1.88663396822769,-0.199896151896801
475,2.63888888888888,-0.279553803762221,0.0158700563936284,-0.213042319363915,0.691827841609199,1.88805608416592,-0.238425412019053
476,2.64444444444444,-0.280748101888508,0.0197124793285409,-0.202486603233657,0.690291463680015,1.88849803620306,-0.27608048271655
477,2.64999999999999,-0.281835253038902,0.0235413961125907,-0.191968167830135,0.688582365162478,1.88735718340974,-0.313052818125557
478,2.65555555555555,-0.282853119571916,0.0273742494758403,-0.18143165319396,0.686630807585274,1.88482839879051,-0.349682598511522
479,2.6611111111111,-0.283821624462797,0.0311954972837204,-0.170921960078004,0.684465882557352,1.88117176113817,-0.385881319422257
480,2.66666666666666,-0.284686600412341,0.0350175884963365,-0.160434647674282,0.682106040451195,1.87627939989027,-0.421502067813342
481,2.67222222222221,-0.285514903225062,0.038822801335038,-0.149903759992357,0.679547207930407,1.87073338954439,-0.456272401872576
482,2.67777777777777,-0.286295456079798,0.0426037810680102,-0.13941914798671,0.676827863623056,1.86499671132778,-0.490096284207978
483,2.68333333333333,-0.287041770331552,0.046373393522961,-0.128957734734007,0.673982377176844,1.85890889674068,-0.523060767951934
484,2.68888888888888,-0.28772225579204,0.0501186042385945,-0.118475281564943,0.670979486562375,1.85213500382755,-0.555343817402953
485,2.69444444444444,-0.288343789373455,0.0538762323229984,-0.10807551956559,0.667798602992179,1.84456677377942,-0.587055750238701
486,2.69999999999999,-0.288910997991641,0.0575962491933259,-0.0977384922009951,0.664445969731944,1.83657118842967,-0.617666428894344
487,2.70555555555555,-0.28944982227908,0.0612772110571679,-0.0874084247898177,0.660887649098,1.8281694056252,-0.646992366017997
488,2.7111111111111,-0.289893668090897,0.0649454509271714,-0.0771502974808104,0.657195085205419,1.81922912189555,-0.675380703173214
489,2.71666666666666,-0.290316136054056,0.0685854658513781,-0.0669960275731531,0.653366978274521,1.81009277559185,-0.702748946824311
490,2.72222222222221,-0.29066312080561,0.0721959086324357,-0.0569171880837789,0.649353391979967,1.80066149517794,-0.728917738054549
491,2.72777777777777,-0.290981421339062,0.0757802089098874,-0.0468583501510807,0.645186842934661,1.79062761019306,-0.754175317892254
492,2.73333333333333,-0.291226389581753,0.0793525714946918,-0.0368097168450542,0.640902080948811,1.78004580046635,-0.778823623105332
493,2.73888888888888,-0.291436441905196,0.0829088067389372,-0.0269196118784728,0.636512715600382,1.76891027843379,-0.802585250082275
494,2.74444444444444,-0.291560087773636,0.0864103865056626,-0.0171410628466759,0.631980439403525,1.75718163766625,-0.825008126566087
495,2.74999999999999,-0.291644635599128,0.089878641945625,-0.00744928748397562,0.627321461277281,1.74484800529458,-0.846111435313808
496,2.75555555555555,-0.291639683154607,0.0933189603939566,0.00206637941228671,0.622559542381356,1.73190472818044,-0.866254272833787
497,2.7611111111111,-0.291599393435385,0.0967361427435925,0.0114720340677656,0.617711051481097,1.71865456923948,-0.885877036053666
498,2.76666666666666,-0.291500893137456,0.100133549538711,0.0207579980153138,0.612737932786779,1.70515286363009,-0.90520927099132
499,2.77222222222221,-0.291346002407651,0.10350120741951,0.0299863163229093,0.607679160875311,1.69103897325362,-0.924020310217376
500,2.77777777777777,-0.291129036368586,0.106832855145347,0.0392694772465871,0.602484948492839,1.67662462521254,-0.942254171423083
501,2.78333333333332,-0.290900755644287,0.110156017088837,0.0485704293349169,0.597157238746972,1.66245139738491,-0.960116931789946
502,2.78888888888888,-0.290603176051131,0.1134434225875,0.057716896688021,0.591783770112228,1.64832521348091,-0.977627422138928
503,2.79444444444444,-0.290254225792983,0.116713802238305,0.0666874337697396,0.586303512277489,1.6340954269889,-0.994837460452462
504,2.79999999999999,-0.28985993771771,0.119965796178733,0.0756912690517278,0.580703678924354,1.61983136581437,-1.01165626798276
505,2.80555555555555,-0.289413640138286,0.123164325897863,0.0846684310184647,0.575021864364298,1.60525668110613,-1.02796819570462
506,2.8111111111111,-0.288878330522188,0.126342235476332,0.0935447465857142,0.56926650309093,1.59022670349461,-1.04391006746475
507,2.81666666666666,-0.288302570059804,0.12948716846137,0.102396639820544,0.563431414122115,1.57516439294772,-1.05956546338038
508,2.82222222222221,-0.287669966676871,0.132609547624711,0.111176101253256,0.557535477394088,1.56055511835331,-1.0749509712102
509,2.82777777777777,-0.287023804396151,0.135691703626241,0.119877690992254,0.551553116177067,1.54650035134531,-1.08999917549151
510,2.83333333333332,-0.286321747928558,0.138737758687381,0.128515337174548,0.545436350621302,1.5328427012198,-1.10472310366679
511,2.83888888888888,-0.285583262771371,0.141748775513162,0.137083374307985,0.539251017583721,1.51943649079811,-1.11933472668417
512,2.84444444444444,-0.284802287986443,0.144738974525209,0.145548671304229,0.533051626790083,1.50613739223666,-1.1338992861471
513,2.84999999999999,-0.283948629194414,0.147689752968108,0.153835438736366,0.526766141853646,1.49297122051869,-1.14823395629261
514,2.85555555555555,-0.283070940543138,0.150600350069323,0.16207338708954,0.520360587839626,1.48035505307922,-1.16234935990264
515,2.8611111111111,-0.282163354202259,0.153482979993685,0.170237375743935,0.513857772627822,1.46829814780867,-1.17632197800764
516,2.86666666666666,-0.281192697773082,0.156320050019384,0.17819992286496,0.507313900608466,1.45662796008471,-1.19000569335682
517,2.87222222222221,-0.280194517010437,0.159121369698013,0.186119671445304,0.500718571907609,1.44558960544734,-1.20350174201848
518,2.87777777777777,-0.279154269464566,0.161894665936692,0.194042877825748,0.49404619263344,1.4349514142344,-1.21708214300222
519,2.88333333333332,-0.278051002461801,0.164635454693634,0.201881820965214,0.487298231861554,1.42431670040159,-1.23080084632539
520,2.88888888888888,-0.276905977130826,0.167340693823227,0.209680391925265,0.480511887322177,1.41394091227069,-1.24461659171851
521,2.89444444444444,-0.275730150575194,0.170012941511043,0.217427926558011,0.473685491734108,1.40412571923723,-1.25841578625587
522,2.89999999999999,-0.274503565755578,0.172640769614669,0.225127544589953,0.466794423773497,1.39481172553841,-1.27197265423693
523,2.90555555555555,-0.273244497765852,0.175217367721997,0.232804031766227,0.459828779541951,1.38612306513457,-1.28524574647783
524,2.9111111111111,-0.271975603662839,0.1777610912541,0.240523696604047,0.452743241842166,1.37790547506488,-1.29820728316387
525,2.91666666666666,-0.270629051963337,0.180244207577861,0.248253296669624,0.445538324081507,1.36950506580594,-1.31073349225267
526,2.92222222222221,-0.269229949222319,0.182688861262041,0.255976771022403,0.438277521153494,1.36108030229922,-1.32311377611319
527,2.92777777777777,-0.267808999571204,0.185110919844717,0.263639598886204,0.431023611198698,1.35300338256232,-1.33558108608492
528,2.93333333333332,-0.266322002528891,0.187485389690419,0.271145862823942,0.423687819216473,1.34507485178161,-1.34785451122301
529,2.93888888888888,-0.264808034188926,0.189808447111016,0.278582490634047,0.41622253306453,1.33731095091827,-1.35978782907781
530,2.94444444444444,-0.263263626417424,0.192097703143292,0.285857967191695,0.408639838433187,1.32978468269409,-1.37147098290161
531,2.94999999999999,-0.261676685167125,0.194340102814076,0.29301797717534,0.400949552446771,1.32218035851318,-1.38288430696168
532,2.95555555555555,-0.260027109996346,0.196540235466429,0.300202745014133,0.393229882385529,1.31444323175766,-1.39406052809098
533,2.9611111111111,-0.258362504624497,0.198702681011832,0.307402947625197,0.385432592579848,1.30664184360005,-1.40515618761617
534,2.96666666666666,-0.256615944725324,0.200828141497255,0.31456972969485,0.377564365411961,1.2984935480783,-1.41616458661632
535,2.97222222222221,-0.254838069267589,0.202902896101321,0.321664092868097,0.369571672985295,1.29008252795115,-1.42695476162221
536,2.97777777777777,-0.253016175231654,0.204939069930443,0.328679777602604,0.361458037788855,1.28161210777277,-1.43749212683963
537,2.98333333333332,-0.251163788603779,0.206930115755147,0.335701958532899,0.353365737978983,1.27284958894119,-1.44765783176073
538,2.98888888888888,-0.249244762785759,0.208863966780463,0.342720162728489,0.345241981310421,1.26373038595653,-1.45747493759724
539,2.99444444444444,-0.247311591563157,0.210770994747821,0.349750260632787,0.337012124463286,1.25446842185621,-1.46708184696375
540,2.99999999999999,-0.245327949122052,0.212616410406334,0.356804949359137,0.328742630045235,1.24507991804006,-1.47631721094097
541,3.00555555555555,-0.243323180606693,0.214418198056356,0.363763313552399,0.320460578987499,1.23534958488528,-1.48509167350097
542,3.0111111111111,-0.241260035508595,0.216166329842289,0.370660572488583,0.312075902613211,1.22505833271007,-1.49353359239015
543,3.01666666666666,-0.239169242261904,0.217878351976384,0.377535146369184,0.303596445159952,1.21442350292727,-1.50176154625127
544,3.02222222222221,-0.237041012370992,0.219543718940745,0.384375222864215,0.295071480774213,1.20364646227956,-1.50969401972686
545,3.02777777777777,-0.234874675953246,0.221151125194919,0.391157788735704,0.286564456064154,1.19260273796574,-1.51724197158073
546,3.03333333333332,-0.232674673681382,0.222718987811996,0.397832625461386,0.278120858890695,1.18150386081874,-1.52452326220669
547,3.03888888888888,-0.230463359979038,0.224242980341955,0.404443903776625,0.269705047645289,1.17067189890187,-1.53150383331917
548,3.04444444444444,-0.228216304827304,0.225728222434187,0.411044009527665,0.261179417360712,1.15985549900999,-1.5383131586099
549,3.04999999999999,-0.225963802634754,0.227155740754021,0.417565960933902,0.252539691177599,1.14871992044006,-1.54506120779724
550,3.05555555555555,-0.223626363840934,0.228549273424627,0.423991491846306,0.243902490580717,1.1370307970868,-1.55153373337429
551,3.0611111111111,-0.221261646524235,0.229866897356858,0.430394246173936,0.235238263144084,1.12457329259981,-1.55764197076146
552,3.06666666666666,-0.218839782360744,0.231147013666841,0.436769643310431,0.226541423462805,1.11165288612304,-1.56353471125791
553,3.07222222222221,-0.216426990451669,0.232386569646438,0.443047595618093,0.217821866649996,1.09864494650523,-1.56928185327592
554,3.07777777777777,-0.213975484969497,0.233563252272057,0.449260972273464,0.209042849767287,1.08529561342791,-1.57477429072927
555,3.08333333333332,-0.211468800678936,0.234697160278635,0.455406543400026,0.200260896183605,1.07134083074054,-1.5800552066303
556,3.08888888888888,-0.208931744526794,0.235782182128839,0.461398144878242,0.191483763217001,1.05698609910544,-1.58521837237594
557,3.09444444444443,-0.206355521379787,0.23681891852205,0.46723288581255,0.182676670171309,1.04223943347165,-1.59029543596318
558,3.09999999999999,-0.203739305139212,0.237804565562356,0.472950871922016,0.173837252478359,1.02705915035934,-1.59533951526277
559,3.10555555555555,-0.201085383547194,0.238752432210173,0.478596688421084,0.164973198034548,1.0115472731107,-1.60037329149976
560,3.1111111111111,-0.198418879411258,0.23964514279184,0.484178673470514,0.156106921985672,0.99571427428446,-1.60528846084111
561,3.11666666666666,-0.19572500981709,0.240469750834385,0.489661024130467,0.147231135581424,0.979568973238711,-1.61011426176357
562,3.12222222222221,-0.192973738250367,0.241263087908481,0.495066841107858,0.1383164203871,0.963207899459375,-1.61508175528681
563,3.12777777777777,-0.190183123030576,0.242005700230797,0.500330828436066,0.129362804541452,0.946883239294467,-1.62021633160888
564,3.13333333333332,-0.187393266297353,0.242700243953037,0.5054745449872,0.120400074287959,0.930594152525497,-1.62536745135666
565,3.13888888888888,-0.184542628721025,0.24333344725109,0.510574409322926,0.111407836732793,0.914223715472098,-1.63051360886406
566,3.14444444444443,-0.181660215625474,0.243922724243002,0.51557156966676,0.102391989358267,0.898100495879498,-1.6357965403395
567,3.14999999999999,-0.178780317612135,0.244477102049605,0.520468303647692,0.0933651056164327,0.882279962747376,-1.64133019126531
568,3.15555555555555,-0.175857456623753,0.244961759539302,0.525303643829418,0.0842947503568607,0.866476954034199,-1.64709429395061
569,3.1611111111111,-0.172926931989579,0.24539983017169,0.530018987153129,0.0751667765864053,0.850780243473752,-1.65307410258838
570,3.16666666666666,-0.169978038553494,0.245783581143697,0.534607059247593,0.0659849826337589,0.835300777327605,-1.65936218790015
571,3.17222222222221,-0.166997466675871,0.246127570596239,0.539121019633375,0.0567422773255335,0.820022436281374,-1.66606296055409
572,3.17777777777777,-0.163990066326539,0.2464137799892,0.543550614712881,0.0474469764677644,0.804990349155503,-1.67318039572009
573,3.18333333333332,-0.160958496868576,0.246660443857357,0.547895652830438,0.0381289940863037,0.790183789576505,-1.68069071067384
574,3.18888888888888,-0.157904401370385,0.246856799252342,0.552236988907365,0.0287700164138366,0.775444836154393,-1.68851277878608
575,3.19444444444443,-0.154809505481823,0.246986465484024,0.55651151941303,0.0193863376164819,0.760676507451229,-1.6965551727793
576,3.19999999999999,-0.151691958583725,0.247055077304479,0.560639756725107,0.00999165555362168,0.745914183938746,-1.70490711386484
577,3.20555555555555,-0.148544260527013,0.247082654746402,0.564709002586663,0.00051925131295993,0.731248659223332,-1.71380265452114
578,3.2111111111111,-0.14537417378275,0.247078057949988,0.568699934265292,-0.00902617494809355,0.716951560332002,-1.72324441353182
579,3.21666666666666,-0.142190997399884,0.247005798580471,0.572602673649917,-0.0185988480377359,0.703095472939922,-1.73301187787921
580,3.22222222222221,-0.138987296644606,0.24687718099249,0.576482421395201,-0.0282208143561359,0.68975163094644,-1.74300824484823
581,3.22777777777777,-0.135791772294326,0.246686001388278,0.580323880230628,-0.0379030094741019,0.677075774871774,-1.75322181101137
582,3.23333333333332,-0.132557467610877,0.246441449368594,0.584072932425033,-0.0476339523238648,0.664806240011273,-1.76377004199791
583,3.23888888888888,-0.12930127914915,0.246158949269295,0.587773620551098,-0.0574320868254648,0.652696919736504,-1.77469631535601
584,3.24444444444443,-0.126018116034325,0.245800668203457,0.591392886018854,-0.0673131799085711,0.640793014996527,-1.78591851413012
585,3.24999999999999,-0.122730415430428,0.245407680361314,0.594893400535111,-0.0772611778388235,0.629215649568005,-1.79732061058853
586,3.25555555555555,-0.119416990930513,0.24493398586426,0.598332213941333,-0.0872760894463586,0.618041233663471,-1.80875170129774
587,3.2611111111111,-0.116116846546446,0.244418831340804,0.601712589668379,-0.0973710782920662,0.607127418536637,-1.82040328630032
588,3.26666666666666,-0.11277902241429,0.243856344255077,0.604992975299607,-0.107515940091486,0.596297556405158,-1.83242380708655
589,3.27222222222221,-0.109420441987425,0.243245144946912,0.608194598407183,-0.117742142165126,0.585463437002961,-1.84458902174145
590,3.27777777777777,-0.106010974089462,0.242551150312037,0.611345226700815,-0.128046515871651,0.574479460152172,-1.85683959948479
591,3.28333333333332,-0.102584805933039,0.241827027359808,0.614435798321312,-0.138400326043641,0.563436801953325,-1.86930234940998
592,3.28888888888888,-0.0991769715252453,0.241037265706509,0.617451902196602,-0.148813920681715,0.552426555487401,-1.88184683820207
593,3.29444444444443,-0.0957449480230915,0.240180226406447,0.620377317671326,-0.15930029602016,0.541271108251504,-1.89427282768348
594,3.29999999999999,-0.0923076502720989,0.239273021010557,0.623244269614219,-0.169875132476836,0.529842154560935,-1.90660117710443
595,3.30555555555555,-0.0888380450709149,0.238282458718784,0.626034288420025,-0.180502593818178,0.518108653440145,-1.91898065964889
596,3.3111111111111,-0.0853670323863529,0.237250746457099,0.628750558008236,-0.191191722051254,0.506122809662061,-1.93160560300546
597,3.31666666666666,-0.0818866443891221,0.23618717172642,0.631441526491595,-0.201968085588355,0.493839080214614,-1.94453714380398
598,3.32222222222221,-0.0783763191343397,0.23507995121441,0.634230210949846,-0.212734382418014,0.482176048963872,-1.95751019857966
599,3.32777777777777,-0.0748500433310983,0.233867167197868,0.636909621973173,-0.223675861146476,0.469014125037938,-1.97019320106599
600,3.33333333333332,-0.0713086977496278,0.232590367766938,0.639522790867195,-0.234686199024727,0.455183489210904,-1.98281902488787
601,3.33888888888888,-0.0677526859944919,0.231251975959431,0.642056343737931,-0.245764702561428,0.440606707911938,-1.99536710283253
602,3.34444444444443,-0.0641824416600866,0.229851668527799,0.64450531314651,-0.256910600021656,0.425204947460443,-2.00781699324958
603,3.34999999999999,-0.0605984305104357,0.228389126296779,0.646864350333635,-0.268123043998203,0.408898102901876,-2.02014844065532
604,3.35555555555555,-0.057001152690209,0.226864034199757,0.649127722303383,-0.279401114048669,0.391604928001761,-2.03234143518843
605,3.3611111111111,-0.0533911449037259,0.225276081314642,0.651289308903215,-0.290743819276686,0.373243165425956,-2.04437627309002
606,3.36666666666666,-0.049768982619571,0.223624960900229,0.653342599933094,-0.302150100975414,0.353729676026851,-2.05623361716047
607,3.37222222222221,-0.0461352822472691,0.221910370432333,0.655280692212691,-0.313618835219531,0.332980569619685,-2.06789455673657
608,3.37777777777777,-0.0424907033378258,0.220132011639907,0.657096286681772,-0.325148835467699,0.310911333877593,-2.07934066787828
609,3.38333333333332,-0.0388359507889254,0.218289590541226,0.658781685489521,-0.336738855194708,0.287436964996159,-2.09055407343432
610,3.38888888888888,-0.0351717770201503,0.21638281748008,0.66032878907019,-0.348387590496859,0.262472097426653,-2.10151750367135
611,3.39444444444443,-0.0314989841656643,0.214411407161947,0.66172909325076,-0.36009368268773,0.235931132882833,-2.11221435594372
612,3.39999999999999,-0.0278184262890136,0.212375078690056,0.662973686323094,-0.371855720910826,0.20772837171331,-2.1226287551783
613,3.40555555555554,-0.0241310115423403,0.210273555601707,0.664053246140829,-0.383672244788904,0.177778141871095,-2.13274561420083
614,3.4111111111111,-0.0204377043925342,0.208106565904282,0.664958037202305,-0.39554174697143,0.145994928628206,-2.14255069375969
615,3.41666666666666,-0.0167395277883043,0.205873842111564,0.665677907749778,-0.407462675798743,0.112293504737318,-2.15203066240996
616,3.42222222222221,-0.0130375653697411,0.203575121279769,0.666202286847983,-0.419433437878324,0.0765890610590577,-2.16117315725423
617,3.42777777777777,-0.00933296365721617,0.201210145043815,0.666520181468513,-0.431452400722192,0.038797335345298,-2.1699668440409
618,3.43333333333332,-0.00562693423300516,0.198778659653408,0.666620173593983,-0.443517895335681,-0.00116525806486607,-2.17840147693641
619,3.43888888888888,-0.00192075594997732,0.196280416009249,0.666490417296882,-0.455628218829806,-0.0433814969845116,-2.18646795924753
620,3.44444444444443,0.00178422288910951,0.193715169699171,0.666118635820458,-0.467781637068838,-0.0879332224652171,-2.19415840334259
621,3.44999999999999,0.00548658231738955,0.191082681034413,0.665492118686088,-0.479976387214847,-0.134901208989322,-2.20146619079635
622,3.45555555555554,0.00918482854292961,0.188382715085559,0.664597718766599,-0.492210680399439,-0.18436503386125,-2.20838603274897
623,3.4611111111111,0.0128773917310173,0.185615041718956,0.663421849380829,-0.504482704296534,-0.236402948349714,-2.21491403020918
624,3.46666666666666,0.0165626238193363,0.182779435632724,0.661950481377135,-0.516790625763242,-0.291091746799648,-2.22104773364961
625,3.47222222222221,0.020238796324702,0.179875676392994,0.660169140227081,-0.529132593410905,-0.348506637513638,-2.22678620406426
626,3.47777777777777,0.0239040981521248,0.176903548469963,0.658062903119717,-0.541506740259356,-0.408721112385392,-2.23213007251732
627,3.48333333333332,0.0275566334006726,0.173862841274258,0.655616396032274,-0.553911186313198,-0.471806817129254,-2.23708160065115
628,3.48888888888888,0.031194419170497,0.170753349192869,0.652813790834916,-0.566344041191041,-0.537833421286195,-2.2416447405424
629,3.49444444444443,0.03481538336433,0.167574871625552,0.649638802373083,-0.578803406734951,-0.606868488937616,-2.24582519564778
630,3.49999999999999,0.0384173625084804,0.164327213020761,0.646074685557105,-0.591287379609712,-0.678977348320186,-2.24963048003614
631,3.50555555555554,0.041998099545599,0.161010182911987,0.642104232445708,-0.603794053939637,-0.754222961459309,-2.25306997926906
632,3.5111111111111,0.045555241649854,0.157623595953833,0.637709769343783,-0.616321523867664,-0.832665795348585,-2.25615501020104
633,3.51666666666666,0.0490863380371593,0.154167271958263,0.632873153880937,-0.628867886243097,-0.914363691415638,-2.25889888167381
634,3.52222222222221,0.0525888377561932,0.150641035930657,0.627575772113923,-0.64143124314578,-0.999371735844761,-2.26131695397198
635,3.52777777777777,0.0560600875224918,0.147044718106054,0.621798535601411,-0.65400970457209,-1.08774212958291,-2.26342669979669
636,3.53333333333332,0.0594973294888041,0.143378153985286,0.615521878488071,-0.66660139100044,-1.17952405806631,-2.26524776398204
637,3.53888888888888,0.0628976990972296,0.139641184371208,0.608725754617189,-0.679204436002474,-1.27476356251165,-2.26680202362128
638,3.54444444444443,0.0662582228457904,0.135833655404722,0.601389634596999,-0.691816988891806,-1.37350340848789,-2.26811364875175
639,3.54999999999999,0.0695758161187405,0.131955418601128,0.593492502893787,-0.704437217293016,-1.4757829576917,-2.26920916199684
640,3.55555555555554,0.0728472809836967,0.128006330886137,0.58501285493141,-0.71706330977584,-1.58163803644478,-2.27011749942787
641,3.5611111111111,0.0760693040088518,0.123986254632109,0.575928694164031,-0.729693478440458,-1.69110080689192,-2.27087006989867
642,3.56666666666666,0.0792384540569037,0.119895057694166,0.566217529177666,-0.742325961578463,-1.8041996368207,-2.27150081588887
643,3.57222222222221,0.0823511801077984,0.115732613446426,0.555856370764086,-0.754959026215947,-1.92095896938816,-2.27204627352767
644,3.57777777777777,0.0854038090503309,0.11149880081819,0.544821729031974,-0.767590970792808,-2.04139919426292,-2.2725456327945
645,3.58333333333332,0.0883925434935372,0.107193504329966,0.53308961046976,-0.780220127712528,-2.16553651615977,-2.27304079759866
646,3.58888888888888,0.0913134595830343,0.10281661412977,0.520635515050381,-0.792844865994994,-2.29338282689452,-2.27357644603588
647,3.59444444444443,0.0941625048033893,0.0983680260292795,0.507434433320304,-0.805463593875174,-2.42494557356462,-2.2742000909429
648,3.59999999999999,0.0969354957778705,0.0938476415398691,0.493460843475768,-0.818074761398602,-2.56022763010114,-2.27496213935316
