,t,phi,omega,alpha,r,r-dot,r-dotdot
0,0.0,0.00138987851556012,1.07073111256201,5.97254138971431,0.437016846188875,-0.445587830429342,-0.298250876846518
1,0.00555555555555555,0.00740912805851036,1.10453590722886,5.70969700227651,0.434539296937977,-0.44738010575333,-0.345251596082653
2,0.0111111111111111,0.0136164893283199,1.13638224516742,5.4548365010827,0.432050491393089,-0.449412545810207,-0.388481177968281
3,0.0166666666666667,0.0200004148877388,1.16640879118438,5.20919888588876,0.429549209010835,-0.451667041661581,-0.428044277263085
4,0.0222222222222222,0.0265502449822523,1.1947519172313,4.97392775566576,0.427034326720629,-0.454125759071873,-0.464042401647743
5,0.0277777777777778,0.0332561864558209,1.22154566013773,4.75007336146683,0.424504817336113,-0.456771139503015,-0.496573997416484
6,0.0333333333333333,0.040109291666621,1.2469216793442,4.53859465929417,0.421959747966601,-0.459585901109132,-0.525734535169627
7,0.0388888888888889,0.0471014374027858,1.27100921463525,4.34036136296598,0.419398278428516,-0.462553039731242,-0.551616595506142
8,0.0444444444444444,0.0542253037981454,1.29393504387251,4.1561559969834,0.416819659656837,-0.465655829891938,-0.57430995471619
9,0.05,0.0614743532479678,1.31582344072768,3.98667594939745,0.414223232116533,-0.468877825790086,-0.593901670473675
10,0.0555555555555556,0.0688428093246992,1.33679613241561,3.83253552467599,0.411608424214011,-0.472202862295511,-0.610476167528793
11,0.0611111111111111,0.0763256356937045,1.35697225742731,3.6942679965707,0.408974750708552,-0.475615055943688,-0.624115323400582
12,0.0666666666666667,0.0839185150290082,1.37646832326299,3.57232766098393,0.406321811123756,-0.479098805930436,-0.634898554069468
13,0.0722222222222222,0.0916178279290346,1.3953981641651,3.46709188883576,0.40364928815898,-0.482638795106605,-0.64290289966982
14,0.0777777777777778,0.0994206318323485,1.41387289885139,3.37886317893088,0.400956946100782,-0.486219990972769,-0.648203110182489
15,0.0833333333333333,0.107324639933396,1.43200088824788,3.30787121082555,0.398244629234359,-0.489827646673914,-0.650871731127368
16,0.0888888888888889,0.115328200098245,1.44988769322197,3.25427489769456,0.395512260254992,-0.493447301994134,-0.650979189255935
17,0.0944444444444444,0.123430273780324,1.46763603231543,3.21816443919814,0.392759838679483,-0.497064784351313,-0.648593878243802
18,0.1,0.131630414936167,1.48534573947745,3.19956337434898,0.389987439257601,-0.500666209791827,-0.643782244383264
19,0.105555555555556,0.139928748941149,1.50311372179768,3.1984306343791,0.387195210383516,-0.504237983985223,-0.636608872275852
20,0.111111111111111,0.148325951505231,1.52103391723925,3.21466259560683,0.384383372507249,-0.507766803218918,-0.627136570524877
21,0.116666666666667,0.156823227588696,1.53919725237183,3.24809513230377,0.381552216546107,-0.511239655392888,-0.615426457427981
22,0.122222222222222,0.165422290317894,1.55769160010463,3.29850566956173,0.378702102296125,-0.514643821014354,-0.601538046669688
23,0.127777777777778,0.17412533990098,1.57660173741948,3.36561523615964,0.37583345684351,-0.51796687419248,-0.585529333013949
24,0.133333333333333,0.182935042543655,1.59600930310384,3.44909051743055,0.372946772976078,-0.521196683633057,-0.567456877996693
25,0.138888888888889,0.191854509364906,1.61599275548383,3.54854590812855,0.370042607594698,-0.524321413633199,-0.547375895618378
26,0.144444444444444,0.200887275312749,1.63662733015728,3.66354556529573,0.367121580124735,-0.527329525076029,-0.525340338036536
27,0.15,0.210037278079967,1.65798499772676,3.7936054611291,0.364184370927485,-0.530209776425374,-0.501402981258326
28,0.155555555555556,0.219308837019851,1.68013442153262,3.93819543584759,0.361231719711621,-0.532951224720452,-0.47561551083308
29,0.161111111111111,0.228706632061942,1.70314091538601,4.09674125055892,0.358264423944635,-0.535543226570566,-0.448028607544853
30,0.166666666666667,0.238235682627769,1.72706640130196,4.26862664012661,0.355283337264276,-0.537975439149792,-0.418692033104972
31,0.172222222222222,0.247901326546592,1.75196936723234,4.45319536603693,0.35228936788999,-0.540237821191671,-0.387654715844586
32,0.177777777777778,0.257709198971143,1.77790482479898,4.6497532692658,0.349283477034367,-0.542320633983898,-0.354964836407213
33,0.183333333333333,0.267665211293362,1.80492426702663,4.85757032314575,0.346266677314577,-0.544214442363017,-0.320669913441292
34,0.188888888888889,0.277775530060144,1.83307562607607,5.07588268623292,0.343240031163812,-0.545910115709105,-0.284816889292728
35,0.194444444444444,0.288046555889075,1.86240323097707,5.30389475517392,0.34020464924273,-0.547398828940471,-0.247452215697444
36,0.2,0.298484902384174,1.89294776536149,5.54078121757286,0.337161688850893,-0.548672063508338,-0.20862193947393
37,0.205555555555556,0.309097375051633,1.92474622519628,5.78568910485825,0.334112352338209,-0.549721608391539,-0.16837178821579
38,0.211111111111111,0.31989095021556,1.95783187651652,6.03773984514993,0.331057885516374,-0.550539561091208,-0.126747255984293
39,0.216666666666667,0.330872753933715,1.99223421315847,6.2960313161261,0.327999576070312,-0.551118328625468,-0.0837936890009198
40,0.222222222222222,0.342050040913254,2.02797891449258,6.55963989789016,0.324938751969618,-0.551450628524121,-0.0395563713399144
41,0.227777777777778,0.35343017342647,2.06508780315656,6.82762252583773,0.321876779879996,-0.551529489823344,0.00591938937916702
42,0.233333333333333,0.365020600226531,2.1035788027884,7.09901874352359,0.318815063574705,-0.551348254060374,0.0525881762989096
43,0.238888888888889,0.376828835463223,2.14346589575937,7.37285275552858,0.315755042345994,-0.550900576268201,0.100404377631489
44,0.244444444444445,0.388862437598689,2.18475908090714,7.64813548032662,0.312698189416547,-0.55018042597026,0.149322100966122
45,0.25,0.401128988323169,2.22746433126873,7.92386660315158,0.309646010350927,-0.549182088175117,0.199295087576518
46,0.255555555555556,0.413636071470742,2.27158355181358,8.19903662886429,0.30660004146701,-0.547900164371167,0.250276626728333
47,0.261111111111111,0.426391251935068,2.31711453717662,8.47262893481946,0.303561848247431,-0.546329573521318,0.302219469986614
48,0.266666666666667,0.439402054585124,2.36405092939122,8.74362182373262,0.300533023751025,-0.544465553057684,0.355075745523255
49,0.272222222222222,0.452675943180949,2.41238217562234,9.01099057654706,0.297515187024264,-0.542303659876278,0.408796872424447
50,0.277777777777778,0.466220299289383,2.46209348589945,9.27370950530084,0.294509981512707,-0.539839771331699,0.463333474998129
51,0.283333333333333,0.480049103720152,2.51335316409949,9.5336369519327,0.291506481851268,-0.537153527226306,0.519225709599635
52,0.288888888888889,0.494158444920302,2.56632355595095,9.78466399283444,0.28853172592718,-0.53413687582314,0.575760717338511
53,0.294444444444444,0.508554899504425,2.62069133030902,10.028804544374,0.285557869972728,-0.530741016467601,0.633103073510773
54,0.3,0.523244989789025,2.67642834969251,10.2649542077352,0.28263289425265,-0.527006709040336,0.690986497836835
55,0.305555555555555,0.538239102372215,2.73349400465408,10.4919513209855,0.279707394212948,-0.522994022914539,0.749651012907851
56,0.311111111111111,0.553546500733935,2.79184100453865,10.7086285763513,0.276783659535982,-0.518715485774894,0.80909391102796
57,0.316666666666667,0.569172960439116,2.85142117351759,10.9138564291857,0.273925194308018,-0.514139801168571,0.868715975714015
58,0.322222222222222,0.585124527882227,2.91217494719294,11.1065147537506,0.271086479632123,-0.509216336777638,0.928682057499446
59,0.327777777777778,0.60140664971762,2.9740361157425,11.2854792787584,0.26823780652798,-0.503946973282121,0.989341526629219
60,0.333333333333333,0.618025434300206,3.03693084598748,11.4496394362728,0.265422389829447,-0.498310362188271,1.05029472193242
61,0.338888888888889,0.634985915027171,3.10077475374532,11.5978957959889,0.262655219252925,-0.49231805525005,1.11114111998911
62,0.344444444444444,0.652295142854545,3.165476399268,11.7291533191877,0.259924561186346,-0.48599247561242,1.17178513198538
63,0.35,0.669959412870937,3.23094347335032,11.842334505122,0.257241928944537,-0.479359151691982,1.23217885141503
64,0.355555555555555,0.687985758996782,3.29707703937636,11.9363981008913,0.254595936496261,-0.472416020227485,1.29216789217568
65,0.361111111111111,0.70637817489036,3.36377099066222,12.0103489551695,0.25202569181803,-0.465145055603548,1.35178530637366
66,0.366666666666666,0.725142235004478,3.43091426494209,12.0632277177805,0.249487440111949,-0.457544494362468,1.41126997626597
67,0.372222222222222,0.744282362951137,3.49838861981971,12.0941141895413,0.246999443707487,-0.449621270281202,1.47060277930419
68,0.377777777777777,0.76380329517079,3.56606681675102,12.1021708446509,0.244530964423761,-0.441373109162542,1.52960956521027
69,0.383333333333333,0.783704694423132,3.63382503105068,12.0866526353097,0.242150863535516,-0.432817329712129,1.58815162339603
70,0.388888888888889,0.803989445652481,3.70153500183075,12.046887072541,0.239781966454926,-0.42396748552032,1.64609114537538
71,0.394444444444444,0.824656315233865,3.76905684157821,11.9822867539995,0.237490175840615,-0.414741221967741,1.70321413766396
72,0.4,0.845705129270253,3.83624906543278,11.892359178472,0.235247340452889,-0.405106976277724,1.75967024309289
73,0.405555555555555,0.867132695162429,3.90296399528508,11.7766892327399,0.233020482341695,-0.395147427354358,1.81577458596773
74,0.411111111111111,0.888939927549025,3.96905127692117,11.6349369040112,0.230831296273839,-0.384933493864265,1.87127177826936
75,0.416666666666666,0.91112207040808,4.03436069530396,11.4668895774396,0.228713882830945,-0.374456809792351,1.925823581695
76,0.422222222222222,0.933673139239093,4.09873846905471,11.2724508282125,0.226635398376229,-0.363679930861746,1.9794032251816
77,0.427777777777777,0.956589627883647,4.16202860607975,11.0516108975048,0.224628857597874,-0.352539995916759,2.03175547840629
78,0.433333333333333,0.979863312075175,4.22407581297141,10.8044847818122,0.222696469426267,-0.341103914207021,2.08254106161746
79,0.438888888888888,1.00348693475982,4.28472592776882,10.5312991948575,0.220836895696609,-0.329447540450714,2.1318212151682
80,0.444444444444444,1.0274535102164,4.34382708670234,10.2323676053822,0.219033305083701,-0.3174926521923,2.17980503463834
81,0.449999999999999,1.05175503969549,4.40122469013595,9.9081069425188,0.217267341751831,-0.305249305536273,2.22642904250419
82,0.455555555555555,1.07638273912978,4.45676882440665,9.55906199284519,0.215592721612285,-0.292777959244154,2.27109101164218
83,0.46111111111111,1.10132531910284,4.51031125145527,9.1859154628322,0.214017880700492,-0.280046621818403,2.31355869513972
84,0.466666666666666,1.12656996232816,4.56170369288908,8.78946047491205,0.21246908354848,-0.267063107040861,2.35424089390956
85,0.472222222222222,1.15210582758575,4.61080429885181,8.3705961438072,0.210987615652917,-0.2537950128603,2.39299675105763
86,0.477777777777777,1.17791694399887,4.65748288195383,7.93034293797481,0.209614428839632,-0.24031936627855,2.42931101062562
87,0.483333333333333,1.20398968117094,4.70161371925578,7.46981278268824,0.208305296197018,-0.226722260176133,2.46308319998854
88,0.488888888888888,1.23030972058912,4.74307660971326,6.99020862556852,0.207072249003655,-0.212925631693551,2.49449439739856
89,0.494444444444444,1.25686104781961,4.78175733098415,6.49283246694322,0.205897121788173,-0.198972849904736,2.52355288211459
90,0.499999999999999,1.28362943021473,4.81754503289622,5.97908133764004,0.204809174057112,-0.184867905940858,2.55009377951296
91,0.505555555555555,1.31059605082434,4.85034666121343,5.45045082191061,0.20379970571204,-0.170592027657871,2.5739697074288
92,0.51111111111111,1.33774515022568,4.88007244315876,4.90852372791019,0.202860729341828,-0.156196247496788,2.5949181898139
93,0.516666666666666,1.36505667002349,4.90664184015079,4.35497971119227,0.202038049164657,-0.141708659766202,2.61273783620469
94,0.522222222222221,1.39251122313481,4.92998343736368,3.79155401254023,0.201292698399032,-0.127135281671123,2.62743944526607
95,0.527777777777777,1.42009211594555,4.95003559046217,3.22000064348704,0.200643896945138,-0.112498335377659,2.63897795838412
96,0.533333333333332,1.44778051009182,4.96674923725144,2.64213207931353,0.200076399376663,-0.0977373271760255,2.64731497504018
97,0.538888888888888,1.4755564739989,4.98008514570472,2.05983558632194,0.199598346514793,-0.0829223714589019,2.65252224909741
98,0.544444444444444,1.50339851570238,4.99002270961715,1.47505541014146,0.199196929120912,-0.0681683555754808,2.65470291465418
99,0.549999999999999,1.53128452819306,4.99655054860454,0.889760524224181,0.198852625505124,-0.0534649734190908,2.65392530414243
100,0.555555555555555,1.55919411662618,4.99966772759457,0.30592760767775,0.198572709020386,-0.038866288253938,2.65005018060656
101,0.56111111111111,1.58710486706818,4.99936789901461,-0.274829272885162,0.19837349658802,-0.0242934967148761,2.64302335960323
102,0.566666666666666,1.61499675345428,4.99567554916929,-0.85139128772598,0.198265812612008,-0.00970731686841772,2.6327497698403
103,0.572222222222221,1.64285257437049,4.98864963328791,-1.42198344905513,0.198246040360387,0.00488391139662269,2.61885474142435
104,0.577777777777777,1.67065295875232,4.97834844718304,-1.98450414637338,0.198343477006823,0.0193891619776198,2.60128263639523
105,0.583333333333332,1.69838202317542,4.9648290455108,-2.53730696177626,0.198509794398067,0.0337406537487931,2.58032462593478
106,0.588888888888888,1.72601784542532,4.94814335160102,-3.07876551315252,0.198754442064753,0.048159621328569,2.55632289602574
107,0.594444444444443,1.7535451580867,4.92836572398413,-3.6073351070969,0.199050289738837,0.0624686288176004,2.52951966456392
108,0.599999999999999,1.78094678258329,4.90559095147673,-4.12156642386914,0.199432808562646,0.0764984293038979,2.49976002980079
109,0.605555555555554,1.80820623508954,4.87991974214974,-4.62008098198399,0.199892048514834,0.0905033921957305,2.46680115716309
110,0.61111111111111,1.83530776498963,4.8514613526239,-5.10156800324811,0.200435835724884,0.104481148917049,2.43053571429392
111,0.616666666666665,1.86223579939295,4.82033707562591,-5.56479064249937,0.201069945724823,0.118254285588223,2.39095769009176
112,0.622222222222221,1.88897342619373,4.78667076890627,-6.00859379281825,0.201783892012294,0.131770805165569,2.34830583298291
113,0.627777777777777,1.91550562034987,4.75058777096463,-6.43192809305685,0.202574634528995,0.145005029523399,2.30292282844113
114,0.633333333333332,1.94182009134268,4.71221633060771,-6.83387348645583,0.203425878480318,0.157929539336085,2.25504004170564
115,0.638888888888888,1.96790342490128,4.67169103189447,-7.21362931234254,0.204348692445094,0.170445437797107,2.20477758882601
116,0.644444444444443,1.99374449896119,4.62915008307865,-7.57050818768196,0.205337538259821,0.182633763446151,2.15221648242071
117,0.649999999999999,2.01933234284748,4.58472548200705,-7.90393460204016,0.206395271654147,0.194550414606263,2.09742977840491
118,0.655555555555554,2.04465682859981,4.5385464940522,-8.21343011740844,0.207510770827493,0.206155355294096,2.04055994222277
119,0.66111111111111,2.069706324455,4.49075643006961,-8.49865124080687,0.208692075214715,0.217413727069108,1.98183659298301
120,0.666666666666665,2.09447768064238,4.44149968812331,-8.75941459660991,0.209915129548325,0.228298096056022,1.92154801064234
121,0.672222222222221,2.11896216174582,4.39091946366341,-8.99562882203592,0.21118745090014,0.238767288786766,1.85955548085904
122,0.677777777777776,2.1431545092907,4.33916293088982,-9.20728963032802,0.21254815647021,0.248733476747666,1.79547575451751
123,0.683333333333332,2.16704922519559,4.28637858518351,-9.39450014580715,0.21398548821225,0.2583813602525,1.72953669706023
124,0.688888888888887,2.19064119987975,4.23270390616881,-9.55746883555367,0.215468496143806,0.267779986860391,1.66243948870558
125,0.694444444444443,2.21392662066004,4.17826936057319,-9.69652554447137,0.216981097927462,0.276804723079076,1.59466075712036
126,0.699999999999999,2.23690358705367,4.1232221845778,-9.81209335259025,0.218534617536084,0.285452929619151,1.52624860638237
127,0.705555555555554,2.25956895037777,4.06769581151933,-9.90466210911283,0.220134225063919,0.293780061090427,1.45691298261738
128,0.71111111111111,2.28192162058204,4.01181934773734,-9.9748091921086,0.221816052313919,0.3016467586187,1.38670002669344
129,0.716666666666665,2.30396054108401,3.95572794561394,-10.0232171868936,0.223509702005496,0.309029301206437,1.3163540953981
130,0.722222222222221,2.32568667883393,3.89954389391016,-10.0506637824603,0.225235816975226,0.316021729213749,1.246053395493
131,0.727777777777776,2.34710147536846,3.84337677906409,-10.0579762453573,0.22701729638483,0.322730832059056,1.17555904362261
132,0.733333333333332,2.36820468254647,3.78732857863717,-10.0460269623745,0.228829479157501,0.329125698492846,1.10530467447276
133,0.738888888888887,2.38900029784849,3.73150188261757,-10.015751391318,0.23066147618046,0.334961800592061,1.03557323256571
134,0.744444444444443,2.40948839893501,3.67599996470132,-9.96811161321169,0.232543408004035,0.34037865078359,0.966255401165992
135,0.749999999999998,2.42967130751223,3.6209120808676,-9.90409305856084,0.234444850269397,0.345545736207176,0.897213769488533
136,0.755555555555554,2.44955053450804,3.56632549777928,-9.82473947711578,0.236425066356846,0.350318123551602,0.828529298919095
137,0.761111111111109,2.46913309849995,3.5123243536137,-9.7311364664849,0.238388009502289,0.354609169765128,0.760785339049909
138,0.766666666666665,2.48842086225361,3.45897441757683,-9.62438327722963,0.240376554134202,0.358486354154144,0.694216861173764
139,0.77222222222222,2.50742119871778,3.40633790439975,-9.50558308143964,0.242393862213297,0.36205156311306,0.628841622965165
140,0.777777777777776,2.52613597145466,3.35446480056168,-9.37580643551668,0.244415440142096,0.365301968159527,0.564691177380722
141,0.783333333333332,2.54457004814624,3.30340196505449,-9.23612726328023,0.246466760485118,0.368242649876522,0.501614027684121
142,0.788888888888887,2.56273134975237,3.25319034069686,-9.08762681262455,0.248541123566679,0.370873913655644,0.439873303597083
143,0.794444444444443,2.58062204759891,3.20386615358088,-8.9313532413806,0.250622979916018,0.37311340362897,0.379874145879156
144,0.799999999999998,2.59825005950734,3.15547235387479,-8.76831058217354,0.252715918462288,0.374969922444403,0.321702588037743
145,0.805555555555554,2.61561700230027,3.10802870182287,-8.59944139473758,0.25481760710859,0.376478571868593,0.265361609441651
146,0.811111111111109,2.63273011641856,3.06154083298632,-8.42566431246601,0.256922507211306,0.37761694649799,0.210538243023556
147,0.816666666666665,2.64959175455162,3.01601745069993,-8.24787155451701,0.259084388714545,0.378421362141145,0.157104115210865
148,0.82222222222222,2.66620796566151,2.97147186883776,-8.0669304044705,0.261223150794843,0.37894162899954,0.105809308550037
149,0.827777777777776,2.68258541360127,2.9279211933202,-7.88368056064654,0.263354016353477,0.379252179086584,0.057184560178599
150,0.833333333333331,2.69872911184041,2.88537762098549,-7.69889870682815,0.265465019475396,0.379403489106993,0.0114463514347968
151,0.838888888888887,2.71464503762771,2.84385483494608,-7.51326139303535,0.267530520520696,0.379348119292947,-0.0314364605722351
152,0.844444444444442,2.73033515656859,2.80336259350442,-7.32737704930131,0.269604764220359,0.379067426121797,-0.0720434532805922
153,0.849999999999998,2.74580538016611,2.76389390263106,-7.14188633441632,0.271675221071403,0.378557437790395,-0.110838175509833
154,0.855555555555554,2.7610617314345,2.72543692862028,-6.95743335321607,0.273758923039502,0.377760321250412,-0.147759089533259
155,0.861111111111109,2.77611226392266,2.68797012071724,-6.7745874650129,0.275814201815823,0.376715512682148,-0.182390880622777
156,0.866666666666665,2.79096016209399,2.65147876651179,-6.59379814071822,0.277844406338009,0.375448210588829,-0.215311791701391
157,0.87222222222222,2.8056073169131,2.61595198770828,-6.41543604112039,0.279934906693827,0.374044858610499,-0.246903426618008
158,0.877777777777776,2.82005976134224,2.58136777543136,-6.23986985108523,0.281973210689812,0.372575355924787,-0.276267461645724
159,0.883333333333331,2.83432278707203,2.54769925516397,-6.06742767539793,0.283998742327948,0.370968713356339,-0.303822289883929
160,0.888888888888887,2.84840021256956,2.5149202526093,-5.89837185240319,0.286051917939212,0.369196818475182,-0.330687715619968
161,0.894444444444442,2.86229726253477,2.4830105977343,-5.73294704931313,0.288110472617685,0.367213871137892,-0.356841495215239
162,0.899999999999998,2.876020168735,2.45194878047808,-5.5713724312493,0.290159454574023,0.365022321912173,-0.381887339124174
163,0.905555555555553,2.88957316363103,2.42171906529344,-5.41381305539509,0.292196152080874,0.362670181192715,-0.405595609605279
164,0.911111111111109,2.90296196824205,2.39230402736525,-5.26039273545279,0.29421411732709,0.360210252759895,-0.427944837218773
165,0.916666666666664,2.91619079773837,2.36368197087237,-5.11120586571688,0.296206578451186,0.357651157269686,-0.448722585014597
166,0.92222222222222,2.92926571813874,2.33583010521171,-4.96631593704529,0.298150043829596,0.355025059966398,-0.468133195483594
167,0.927777777777775,2.94219092192002,2.30872734781403,-4.8257158147896,0.300119689422086,0.352319682281066,-0.486898642807705
168,0.933333333333331,2.95496873706086,2.28235359759808,-4.68930821060126,0.30206176615178,0.349529877814059,-0.505072487632263
169,0.938888888888887,2.96760052229161,2.25669611358242,-4.55698376475088,0.303999041080271,0.346674940453157,-0.522597259629124
170,0.944444444444442,2.98009233638469,2.23173103553263,-4.42864089540683,0.305932372483851,0.343790264924441,-0.539608444891728
171,0.949999999999998,2.99244499519986,2.20742948396594,-4.30414934781852,0.307846581375684,0.340917718937253,-0.55586755104911
172,0.955555555555553,3.00466407361065,2.18377488005089,-4.18337123962655,0.309720486315318,0.337933645311534,-0.570866094775502
173,0.961111111111109,3.0167513482979,2.16075047844933,-4.06617236215148,0.311555503462698,0.334762410427865,-0.584843931504655
174,0.966666666666664,3.02871338871492,2.13834371701587,-3.95239253637441,0.313394229316694,0.331463693403488,-0.598687707553564
175,0.97222222222222,3.04054921372733,2.11653870606045,-3.84181548233704,0.315215956239739,0.328139163062935,-0.612602431585631
176,0.977777777777775,3.05226255304435,2.09531559514691,-3.73424541346469,0.31701770652708,0.324815583654936,-0.626375478458639
177,0.983333333333331,3.06385877724897,2.07466287475863,-3.6295088125512,0.318799363429376,0.321457835869742,-0.64014712956453
178,0.988888888888886,3.07533835967678,2.05457618261367,-3.52739891058726,0.320594269196631,0.317941559763916,-0.653754148473138
179,0.994444444444442,3.0867057205255,2.03504824749893,-3.42774318084299,0.322322309966149,0.314314789993831,-0.666778427877708
180,1.0,3.09796551729898,2.01606551117885,-3.3303930936791,0.324047234290413,0.310737484115041,-0.679452509990125
181,1.00555555555555,3.10912082295662,1.9976113771566,-3.23516074800564,0.325740234567281,0.307082705187514,-0.692366211508402
182,1.01111111111111,3.12017327695868,1.97968021509533,-3.14183351789412,0.327455151445652,0.303324512968398,-0.705905871287907
183,1.01666666666666,3.13112480391057,1.9622638990341,-3.05022131326011,0.329154522273772,0.299601000945538,-0.719478659240497
184,1.02222222222222,3.14197958878805,1.9453530840107,-2.96018015783001,0.330793954315563,0.295859181777009,-0.732621304194841
185,1.02777777777778,3.15274168425108,1.92894628941703,-2.87157884715419,0.332427564270096,0.29206060507219,-0.746097707150528
186,1.03333333333333,3.1634131333762,1.91304179711467,-2.78429578868562,0.334056324805001,0.288123671652836,-0.760248535162305
187,1.03888888888889,3.17399945724144,1.89763070314302,-2.69824425707743,0.33567262526256,0.284056803964025,-0.774339048803098
188,1.04444444444444,3.1845037888315,1.88270532167081,-2.61332808570033,0.337227965613101,0.279951119474782,-0.787889639878313
189,1.05,3.19492789033747,1.86825473711535,-2.52943441831646,0.338764581912002,0.275773125996047,-0.801362289824762
190,1.05555555555555,3.20527582222507,1.85426967254781,-2.44644310341448,0.340279736522081,0.271549372518829,-0.815104128362512
191,1.06111111111111,3.21554746084342,1.84075207821047,-2.36423865208214,0.341775364475428,0.267172113213567,-0.829174773211644
192,1.06666666666666,3.22574726291094,1.82769172175464,-2.28273200472102,0.343268694338643,0.262601211900412,-0.843563227731029
193,1.07222222222222,3.23587476657176,1.81508162959581,-2.20184430393207,0.344720745583347,0.257934877800846,-0.857849160769046
194,1.07777777777778,3.2459348932471,1.80291191811289,-2.12155188296036,0.34615055490388,0.253200479294277,-0.871753592546743
195,1.08333333333333,3.25593222324365,1.79118411977562,-2.04183336835672,0.347547773342863,0.248368506549961,-0.885257442638206
196,1.08888888888889,3.26586558416202,1.77990664119791,-1.96258672508192,0.348920495173021,0.243423147914052,-0.898179831685936
197,1.09444444444444,3.27573516768385,1.76907801387222,-1.88369876959429,0.350243618775471,0.238201418765381,-0.910490269996912
198,1.1,3.28554120031273,1.75870015380834,-1.8050995597916,0.351548173467069,0.232734673784467,-0.92242124060759
199,1.10555555555555,3.29528648810301,1.7487662752111,-1.72676528953291,0.352822090757809,0.227221126500945,-0.934062369337411
200,1.11111111111111,3.30497366063969,1.73927131547837,-1.6487072009593,0.354081554463421,0.221681361394437,-0.945372337128825
201,1.11666666666666,3.31460585055062,1.73021254323136,-1.57097749742115,0.355314437331819,0.216223623011803,-0.956229754604781
202,1.12222222222222,3.32418850628544,1.72159376759355,-1.49366717824366,0.356512636275219,0.210820292577234,-0.96659951830884
203,1.12777777777777,3.33372487820157,1.71342105148346,-1.41685545930861,0.357689562247506,0.205363048570833,-0.976449383021334
204,1.13333333333333,3.3432175371704,1.70569245999493,-1.34059907046906,0.358832070396017,0.199797476573266,-0.985544472161585
205,1.13888888888889,3.35266929604512,1.69839884254073,-1.26492047991097,0.359944431569934,0.194184464630983,-0.993808852282731
206,1.14444444444444,3.36207937494553,1.69153053143463,-1.18983873513023,0.361029288297069,0.188624239006735,-1.00116084647557
207,1.15,3.37145247667187,1.685087709114,-1.11542834431626,0.362052796578484,0.182916093969365,-1.00767710483744
208,1.15555555555555,3.38079100564474,1.67906832904242,-1.04176442690261,0.36306688242201,0.177186786378017,-1.01382423010201
209,1.16111111111111,3.3900984615386,1.67346367475504,-0.968870428015519,0.364061157436285,0.17161541279535,-1.01966569156686
210,1.16666666666666,3.39937302416092,1.66827486988617,-0.896751462010324,0.365028535724392,0.165981940490432,-1.02479546485119
211,1.17222222222222,3.40861899952004,1.6635047666661,-0.825449033192185,0.365955168554731,0.160224910516279,-1.02878371508635
212,1.17777777777777,3.41783846871003,1.65914688998861,-0.755010015998947,0.366836925494762,0.15435800416346,-1.03133819608388
213,1.18333333333333,3.42703264477978,1.65519679962122,-0.685477917915518,0.367670557007482,0.148462199499196,-1.03246611468342
214,1.18888888888889,3.43620557431358,1.6516484210466,-0.616933049873803,0.368470960022442,0.142606141536241,-1.03240774058597
215,1.19444444444444,3.44536064058648,1.64849066979508,-0.549450030538506,0.36923233750721,0.136787921777987,-1.03127996975812
216,1.2,3.45449967682763,1.64570889954576,-0.483061235430282,0.369956079219993,0.131116457745902,-1.02924004451298
217,1.20555555555555,3.46362454294252,1.64328699029308,-0.417799648656546,0.370665324352322,0.125433448594132,-1.02646155903053
218,1.21111111111111,3.47273837231347,1.64121971811126,-0.353717477312154,0.371330743599801,0.119669230746716,-1.022876838245
219,1.21666666666666,3.48184242768252,1.63950956089148,-0.290876841911735,0.371971542644755,0.113944107621388,-1.01853181590907
220,1.22222222222222,3.49094090626726,1.63814724604439,-0.229324875475366,0.372577735184223,0.108172755866017,-1.01365385216632
221,1.22777777777777,3.50003285552613,1.63712699983065,-0.169061837899473,0.373165768435675,0.102349306816525,-1.00850221874305
222,1.23333333333333,3.50912009427578,1.63644167804238,-0.110089426622656,0.373726989625581,0.0965919659962117,-1.00294017537789
223,1.23888888888889,3.51820441914631,1.63608109674434,-0.0524333786666941,0.374244433881218,0.0910120087323813,-0.996532774730491
224,1.24444444444444,3.52728852478113,1.63603281288435,0.00387891339448952,0.374726328633368,0.0855274666459879,-0.989177178839316
225,1.25,3.53637480918708,1.63628675561316,0.0588390610879289,0.375166289876425,0.0800388510470665,-0.981209739791679
226,1.25555555555555,3.54546311664668,1.63684208514909,0.11245951819636,0.375585280399818,0.0745502647895035,-0.972973930606215
227,1.26111111111111,3.55455377322262,1.63768639249928,0.164740540697291,0.375971379142221,0.0691103499867217,-0.964546264965266
228,1.26666666666666,3.56364974856137,1.63881361947665,0.215650695678449,0.376332588648887,0.0636914772411085,-0.955635258499432
229,1.27222222222222,3.57275469337768,1.6402213738326,0.265147563423097,0.37663337231603,0.0583924807518919,-0.945976028103603
230,1.27777777777777,3.58187050430119,1.64189577290537,0.313229039427121,0.376908586261462,0.0532451953174366,-0.936143007214219
231,1.28333333333333,3.5909973159558,1.64382613795255,0.359944490696812,0.377170614782759,0.0481806573214265,-0.926400694605015
232,1.28888888888889,3.60013563831665,1.64601045599326,0.405337034736512,0.377378494438808,0.04315343482983,-0.916391463591298
233,1.29444444444444,3.60928920606741,1.64844757528921,0.449424476181244,0.377560979433865,0.0380937895719864,-0.906577165229971
234,1.3,3.61845832015903,1.65113109880419,0.492233163329195,0.37774328322622,0.0331567723754041,-0.897498177993995
235,1.30555555555555,3.62764499157395,1.65405129527094,0.533791101558499,0.377900262627649,0.0283376585318572,-0.889138888365155
236,1.31111111111111,3.63685082023342,1.65719987986269,0.574105630039849,0.378047749336323,0.0234886154239748,-0.881373297694003
237,1.31666666666666,3.64607727077948,1.6605643126153,0.613183777542224,0.378167016786605,0.0185670029119154,-0.873971498224692
238,1.32222222222222,3.65532501115946,1.66412960639984,0.651059459534851,0.378259548462803,0.0137771441470537,-0.866961196391491
239,1.32777777777777,3.66459581931541,1.66788706192879,0.687802058481391,0.378326134667111,0.00914777475693253,-0.86065182834406
240,1.33333333333333,3.67388782420088,1.67182913411904,0.72349227418008,0.378396857412197,0.00453214183645571,-0.855296066728081
241,1.33888888888889,3.68320253813167,1.67595560506234,0.758168739633748,0.378449825448979,-4.91580291617744e-05,-0.850488755062485
242,1.34444444444444,3.69254112203425,1.68026081323155,0.791858663794121,0.37844743681938,-0.00468482773515858,-0.845606740115589
243,1.35,3.70190337614629,1.68473847392038,0.82461738600798,0.378420786193382,-0.00932400513746768,-0.840884431155886
244,1.35555555555555,3.7112893742108,1.68938417652906,0.856532481113282,0.37837989257153,-0.0139000211209961,-0.83681140734114
245,1.36111111111111,3.72069603733948,1.69417844685863,0.887668560568225,0.378327272584118,-0.018444774293616,-0.833422840275527
246,1.36666666666666,3.73012897036217,1.6991156365016,0.918020228010474,0.378251268684897,-0.0229402834218637,-0.830525026786161
247,1.37222222222222,3.73958891664025,1.70420204500026,0.947598562166027,0.378149573261701,-0.0273498700435485,-0.82750326267276
248,1.37777777777777,3.74907648446622,1.70944195341955,0.976427733271733,0.377976953931109,-0.0317491262772164,-0.823758329211331
249,1.38333333333333,3.75859267570207,1.71483892030425,1.00452670135513,0.377770683911014,-0.036207015232001,-0.819589293053025
250,1.38888888888889,3.76813699071569,1.7203958788648,1.0319453192786,0.377541972207827,-0.0406739242094015,-0.815478572062792
251,1.39444444444444,3.77771063991318,1.72611366176172,1.05873772966775,0.377290099070765,-0.045094722953991,-0.811788848484865
252,1.4,3.78731408245907,1.73198560820352,1.08493528856714,0.377036373146568,-0.049452263681909,-0.808801688995763
253,1.40555555555555,3.79694943664126,1.73800337182394,1.11053081786569,0.376765845275734,-0.0538206531676646,-0.806300261030221
254,1.41111111111111,3.80661831801458,1.74416023370263,1.13550190032652,0.376470895891483,-0.0581699666183808,-0.803748361114671
255,1.41666666666666,3.81632264314657,1.75044875872115,1.15983892559383,0.376131112707837,-0.0625109184274008,-0.80095077857727
256,1.42222222222222,3.82606312834863,1.75687459385694,1.18355758262178,0.375773876303566,-0.0668855717293396,-0.798125175192813
257,1.42777777777777,3.83583939998224,1.76343590519996,1.20668815175089,0.375382723680048,-0.0712196094150716,-0.794895551016984
258,1.43333333333333,3.84565115508585,1.77012163196871,1.22924856682658,0.374935756477535,-0.0755762735085166,-0.791247623212585
259,1.43888888888888,3.85549826830208,1.77692572764473,1.25126363691172,0.374508373112463,-0.0800535454282261,-0.788133220631678
260,1.44444444444444,3.86537941524617,1.78385400652206,1.27273150906357,0.374063107706848,-0.0846381646804091,-0.785501770713163
261,1.45,3.87529837896278,1.79090935114004,1.2935964676745,0.373588152747642,-0.0892509541809427,-0.782625881912046
262,1.45555555555555,3.88525554795037,1.79808334399758,1.31381306060179,0.373084935356312,-0.0938274529422664,-0.77912901161189
263,1.46111111111111,3.89525256464943,1.80538020011528,1.33335720524717,0.372525301904928,-0.0983248752836139,-0.775024492364352
264,1.46666666666666,3.90529120776265,1.81279986382073,1.35220138878065,0.371964592576672,-0.102750542523122,-0.77076286026107
265,1.47222222222222,3.91537279409138,1.82033015342198,1.37033187072352,0.37138115267932,-0.107137836242616,-0.766463815828002
266,1.47777777777777,3.92549688608814,1.82796660722488,1.38777606883883,0.370783549749831,-0.111446936428367,-0.762239434685576
267,1.48333333333333,3.93566347553361,1.83571510868522,1.40458928247804,0.370194822205129,-0.115747667774618,-0.757951719793722
268,1.48888888888888,3.945871630684,1.84357072790664,1.42079272772197,0.36954548398999,-0.120036292961577,-0.752967149948659
269,1.49444444444444,3.95612450351144,1.85152786933961,1.43635028208005,0.368881986104333,-0.124278410096219,-0.747351773663679
270,1.5,3.9664231075107,1.85958064506592,1.45124485736673,0.368198144355618,-0.128499947448055,-0.74121783904915
271,1.50555555555555,3.97676734415944,1.86772577686099,1.46548229219093,0.367473813796684,-0.132730243580305,-0.734241894669993
272,1.51111111111111,3.98716003498185,1.87596434062661,1.47906194263028,0.366708185006537,-0.136983443520475,-0.726463850995543
273,1.51666666666666,3.99759999501579,1.88429341401059,1.49199866575633,0.365928026614177,-0.141207200494386,-0.71842779300193
274,1.52222222222222,4.00808921230023,1.89270657457797,1.50430860526389,0.365146068481133,-0.145375368380737,-0.710372034008458
275,1.52777777777777,4.01862635137858,1.90119906814356,1.51602060900689,0.364344265944125,-0.14946649853944,-0.701832315452708
276,1.53333333333333,4.02921185709176,1.90977304792612,1.52716754737411,0.363505903385921,-0.153520722472064,-0.692442293461667
277,1.53888888888888,4.03984614724867,1.91842524106809,1.53778900924668,0.362621427901406,-0.157521382127468,-0.682206165577637
278,1.54444444444444,4.05052878697892,1.92714913807415,1.54792828650118,0.361717554804368,-0.161468596634967,-0.671295597528568
279,1.55,4.06126086031015,1.9359321511689,1.55760757546744,0.360785546769519,-0.165286733005457,-0.660090655832221
280,1.55555555555555,4.07204297856749,1.94476012748714,1.56687314732937,0.359851369302712,-0.168916799454842,-0.648832819796799
281,1.56111111111111,4.082873593037,1.95363000164695,1.57579306474489,0.358890148239259,-0.172479557435742,-0.637388178637083
282,1.56666666666666,4.09375416999463,1.96254475666134,1.58441075399096,0.357920018015213,-0.175890090727276,-0.625607896108654
283,1.57222222222222,4.10468551860844,1.97150307403715,1.59275588524297,0.356928416765731,-0.179087781473475,-0.613429282788999
284,1.57777777777777,4.11566827185832,1.98049964110231,1.60086977955868,0.35591606113023,-0.182214644908266,-0.601083546581363
285,1.58333333333333,4.1267023564307,1.9895319593689,1.60880595351168,0.354898906317149,-0.185293419275286,-0.58875555607405
286,1.58888888888888,4.13778884837153,1.99860065601639,1.61661875412589,0.35386643491429,-0.188336534380106,-0.576165610720115
287,1.59444444444444,4.14892668566629,2.00769890662026,1.62437659606812,0.352799703138712,-0.191365402496106,-0.562977643348736
288,1.6,4.16011585150472,2.01681841551878,1.63217942739298,0.351689148407757,-0.194307853283527,-0.54961284236181
289,1.60555555555555,4.17135520067508,2.02595910120843,1.64013700990735,0.350611878435858,-0.197145971825772,-0.536699807410603
290,1.61111111111111,4.18264475463707,2.03513058707596,1.64834234658243,0.349505339895455,-0.200000173345707,-0.523974821870936
291,1.61666666666666,4.19398492634156,2.0443388482756,1.65684496910272,0.348386643168625,-0.202911600739428,-0.511346363969897
292,1.62222222222222,4.20537865917645,2.05358220686816,1.66569455082131,0.347253994215989,-0.205693364568771,-0.498797945037211
293,1.62777777777777,4.21682371435668,2.06285841029087,1.67498517596323,0.346080482145926,-0.208305688399322,-0.486097738915266
294,1.63333333333333,4.22832198802309,2.07217131512002,1.68481022049222,0.344905205105677,-0.210869712862905,-0.473529651835072
295,1.63888888888888,4.2398725306871,2.08153768175431,1.69529481900536,0.343712227325071,-0.213449933364955,-0.461312599727558
296,1.64444444444444,4.25147344780579,2.09095822487488,1.70658306924009,0.342510947588034,-0.21604241427165,-0.449449889183588
297,1.65,4.26312586186962,2.10042813398373,1.71876304816291,0.341305868459102,-0.218629415244898,-0.438140206475836
298,1.65555555555555,4.27482962051408,2.10995764759136,1.73190603457243,0.340102865660411,-0.221102076115672,-0.427246248570462
299,1.66111111111111,4.28658454952955,2.11954697484281,1.7460832182352,0.338855799919542,-0.223419979756971,-0.416172431025597
300,1.66666666666666,4.29839159313945,2.12919984946919,1.76133305287101,0.337581408265352,-0.225632625453986,-0.404773268980031
301,1.67222222222222,4.31025256135344,2.13892890975192,1.77768292069733,0.336293940628087,-0.227784227143178,-0.39362252652902
302,1.67777777777777,4.32216796022651,2.14874773605667,1.79518665046707,0.33502586942147,-0.229924685664701,-0.383230173841627
303,1.68333333333333,4.33413866770037,2.15867024659137,1.81391506687126,0.33374887361521,-0.232091240283755,-0.373362749336823
304,1.68888888888888,4.34616539390806,2.16870319912842,1.83393948554456,0.332459830839182,-0.234269251455923,-0.363880612296344
305,1.69444444444444,4.35824775895282,2.17885136709796,1.85534676631842,0.331186955197074,-0.236356849970394,-0.35499023656997
306,1.7,4.37038555993091,2.18911478952165,1.87819112177712,0.329894366762241,-0.238370110129098,-0.346573573371486
307,1.70555555555555,4.38258279953745,2.19950309741929,1.90250911407226,0.328603437211857,-0.240265334992387,-0.338553558826996
308,1.71111111111111,4.39483656690143,2.21003511267189,1.92839458909773,0.327305597877094,-0.241938114807423,-0.330740477656997
309,1.71666666666666,4.40714837620107,2.2207268344828,1.95594143003029,0.325985182107372,-0.243554994993944,-0.3226479730507
310,1.72222222222222,4.41951723289587,2.23159884694325,1.98517678093643,0.324638621316146,-0.245230545296488,-0.313935761995653
311,1.72777777777777,4.4319475882964,2.24265867762163,2.01610447089406,0.323258074941722,-0.246882987972864,-0.304735396802228
312,1.73333333333333,4.44443725894986,2.25390876849247,2.04877911522302,0.321873351768865,-0.24849424990269,-0.295445600557371
313,1.73888888888888,4.45698760737358,2.26535596399653,2.0832370614625,0.320471025538113,-0.249979179236394,-0.286215312312121
314,1.74444444444444,4.46960099888282,2.27700794642373,2.11945946065821,0.319078557879828,-0.251393530769909,-0.2771850016026
315,1.74999999999999,4.48227873613178,2.28886934577958,2.15747005375029,0.317673606560518,-0.25285006885165,-0.268396891924568
316,1.75555555555555,4.4950185577617,2.30094781076721,2.19731084799191,0.316266244784427,-0.254290788911197,-0.259700174135374
317,1.76111111111111,4.50782442653934,2.31326210393566,2.23894860425162,0.314864948335359,-0.255760671688473,-0.250997577404229
318,1.76666666666666,4.52069963918821,2.32583053703192,2.28233107333763,0.313445561613897,-0.257188943366503,-0.242282971433544
319,1.77222222222222,4.53364397646285,2.33865947171976,2.32743871037284,0.312029393369869,-0.258516762494868,-0.233687624237529
320,1.77777777777777,4.54666011297828,2.35174944184265,2.37424960351884,0.310605146604946,-0.259824917762333,-0.225098397649074
321,1.78333333333333,4.55974927742368,2.36511269969077,2.42273259043827,0.309177268277726,-0.261101968660682,-0.216084809514384
322,1.78888888888888,4.57291407058414,2.37875380472824,2.47283895244776,0.307728964809114,-0.262307104591141,-0.20631057652031
323,1.79444444444444,4.58615584051781,2.39268114726551,2.52450628953118,0.306275414415913,-0.263428680115355,-0.195778310960071
324,1.79999999999999,4.5994774629672,2.40690158149042,2.57767629063352,0.304804192711818,-0.26456951080184,-0.184671113209058
325,1.80555555555555,4.61287934724735,2.42141414662795,2.63227976631816,0.303327166684608,-0.265720278474365,-0.173120314514497
326,1.81111111111111,4.62636662387976,2.43622677109609,2.68821589612099,0.301839103501845,-0.266787387838019,-0.16099479583482
327,1.81666666666666,4.63994189195333,2.45134918959922,2.74540410072423,0.300328247937192,-0.267738576180612,-0.148170078552391
328,1.82222222222222,4.65360461106942,2.46679068771294,2.80380054569854,0.298820660133618,-0.268535818750711,-0.134631128686191
329,1.82777777777777,4.66735753826598,2.4825561265309,2.86336850035468,0.29728350105614,-0.26927094886454,-0.120432655370149
330,1.83333333333333,4.68119969141355,2.49864968155944,2.92408919758979,0.295760560474302,-0.269997093831673,-0.105969331149769
331,1.83888888888888,4.69513178917078,2.51508067369765,2.98593145250799,0.294236512116067,-0.270651729612596,-0.0912053152402226
332,1.84444444444444,4.70915551739442,2.53185451697265,3.04881913748315,0.292701380441637,-0.271197871371983,-0.0760680577103292
333,1.84999999999999,4.72327334209053,2.548973862425,3.11265320557261,0.29118863850819,-0.271640664954854,-0.0610552040373973
334,1.85555555555555,4.73748817229109,2.56644382730396,3.17734202163918,0.289690119514986,-0.272030481060495,-0.0461328040998202
335,1.86111111111111,4.75180041393964,2.58426949155733,3.24279393319738,0.288188673921012,-0.272367303208554,-0.0309751377640866
336,1.86666666666666,4.7662129396212,2.60245302953511,3.30888757893415,0.286696334587319,-0.272570571923401,-0.0154793916077904
337,1.87222222222222,4.78072976960397,2.62099411311146,3.37551642829594,0.28518941643567,-0.27264180654115,0.000533875447911476
338,1.87777777777777,4.79534918648117,2.63989536901094,3.44262090718387,0.283676047066583,-0.272538187307538,0.0169495624980944
339,1.88333333333333,4.81007267064801,2.65916319616257,3.51011429892062,0.282173071596047,-0.272376098190311,0.0335328772135865
340,1.88888888888888,4.8249033049006,2.67880556718797,3.57783542817671,0.280679039181072,-0.272135680860828,0.0505899024999898
341,1.89444444444444,4.83984625465101,2.69882318863036,3.64559977851726,0.27915811253684,-0.271729910340499,0.0685232510833445
342,1.89999999999999,4.85490224610875,2.7192018789483,3.71324502610872,0.277632919557744,-0.271270014376072,0.0869921925433532
343,1.90555555555555,4.87007470390692,2.73993813527777,3.78063392028068,0.276135890273003,-0.270693660119844,0.105354052104072
344,1.91111111111111,4.88536166407057,2.76103396701629,3.84763455774667,0.274655279994412,-0.269963638695982,0.123666919347875
345,1.91666666666666,4.90076794100473,2.782484271698,3.91406143717962,0.273177604202955,-0.269154772577895,0.142524656126541
346,1.92222222222222,4.91629534336351,2.80429305288985,3.97972548769302,0.271697242589913,-0.268270415361212,0.162168037616017
347,1.92777777777777,4.93194366793373,2.8264604420667,4.04448032622833,0.270218033690615,-0.267312751924625,0.182499177883831
348,1.93333333333333,4.94771496386578,2.8489805817495,4.10813343684881,0.268734730550117,-0.266333114702684,0.203346388661455
349,1.93888888888888,4.9636133241047,2.87185568241045,4.17049507844822,0.26726495937632,-0.265219681136998,0.224425813539358
350,1.94444444444444,4.97963447299091,2.89508161665288,4.23142270344384,0.26579558336843,-0.263838443025229,0.245451084458178
351,1.94999999999999,4.99578191455012,2.91864225682249,4.2907271029787,0.264353451344708,-0.262200549423734,0.266445045833658
352,1.95555555555555,5.01205580983442,2.94252338170115,4.3481609979811,0.262897714318062,-0.260485541870903,0.287771200899891
353,1.96111111111111,5.02846107526329,2.96671308149599,4.40344325253865,0.261463306101953,-0.258735949992082,0.309640040789871
354,1.96666666666666,5.04499952552967,2.99119479816397,4.45629825324745,0.260004755167038,-0.256832869434805,0.332108542193072
355,1.97222222222222,5.06167366559597,3.01595209070306,4.50648159274396,0.258554566697918,-0.254859597354336,0.354969596655621
356,1.97777777777777,5.07848434575005,3.04097491355176,4.55378341115923,0.257109784280621,-0.252856525632504,0.37800520311322
357,1.98333333333333,5.09543003270464,3.06623826544903,4.59799094082663,0.255667484943715,-0.250809288450609,0.401071199092562
358,1.98888888888888,5.11251420298037,3.09172739681486,4.63882563225513,0.254270873444042,-0.248697881152072,0.423662597820986
359,1.99444444444444,5.12973950539245,3.11743654348318,4.67598493901767,0.252908614034166,-0.246435871694598,0.445771916588795
360,1.99999999999999,5.14710788275447,3.14334832565374,4.70915811489369,0.251552732695736,-0.243991212479978,0.467962261282484
361,2.00555555555555,5.16462338955821,3.16943414454435,4.73805469707347,0.250211031301082,-0.241302734817555,0.490321205891206
362,2.01111111111111,5.18228371002381,3.1956726726614,4.76243649942279,0.248882714192493,-0.238444892483431,0.512770307483989
363,2.01666666666666,5.20009124414681,3.22205514574445,4.78207579636347,0.247569162438392,-0.23546223307262,0.535095977778806
364,2.02222222222222,5.21804372915787,3.24855540799684,4.79673563510785,0.246290260560222,-0.232303130815215,0.557041162862873
365,2.02777777777777,5.23614532559988,3.27514328501039,4.80618810859767,0.245017404430688,-0.229066530196088,0.579064769197798
366,2.03333333333333,5.25439175179303,3.30180327212766,4.81022719885563,0.243744551658314,-0.225736489469963,0.60142898784571
367,2.03888888888888,5.27278629499807,3.32851369030054,4.80861203406258,0.24249977474295,-0.222253911716095,0.623912203046092
368,2.04444444444444,5.29132972019349,3.35523420398635,4.80106393924806,0.241268029231161,-0.218661533685945,0.646370508923289
369,2.04999999999999,5.3100246265996,3.38193182559106,4.78734467819856,0.240069024063415,-0.215016269983138,0.668520019744164
370,2.05555555555555,5.32886756474953,3.40857391754286,4.76727667687941,0.238896065898016,-0.211371061109942,0.690274980801064
371,2.06111111111111,5.34785938471754,3.43512467126867,4.74067329605162,0.237750915951256,-0.207672101728729,0.711838555625822
372,2.06666666666666,5.36700048352042,3.46154788464394,4.70734511279995,0.236613146963529,-0.203830555141927,0.733331115704405
373,2.07222222222222,5.38628913477045,3.4878051611083,4.6671274751343,0.235496596569887,-0.199816517876684,0.754598958555917
374,2.07777777777777,5.40572723745339,3.51385422574239,4.61987367267805,0.234412498336007,-0.195650803995418,0.77567993103935
375,2.08333333333333,5.42531146218797,3.53965191890864,4.56551016901824,0.233328748695734,-0.191366752433753,0.796719647615868
376,2.08888888888888,5.44503804947473,3.56514551227953,4.50399614997084,0.232281314982198,-0.186985265348202,0.817455558195726
377,2.09444444444444,5.46490613065674,3.59027812145643,4.43525912723746,0.231257250478959,-0.18244783525012,0.837867138681083
378,2.09999999999999,5.4849143424585,3.61500978924925,4.35922610703631,0.230256294641962,-0.177781264781322,0.857856346337354
379,2.10555555555555,5.5050606432222,3.63930019832598,4.27586803745113,0.229312209847857,-0.172949835047154,0.877403816439472
380,2.1111111111111,5.52534127620249,3.66310749644058,4.18519846607662,0.228350133687828,-0.16794494782826,0.896993755746985
381,2.11666666666666,5.54575455194476,3.68639544482865,4.08724569125616,0.227421616922982,-0.162849774872667,0.916667584162173
382,2.12222222222222,5.56629690453211,3.70912621252053,3.98206560448972,0.226509059993863,-0.157593167214327,0.936047840179472
383,2.12777777777777,5.5869645515327,3.73125897569268,3.86974581358445,0.225647102706612,-0.152217492385439,0.95483301611714
384,2.13333333333333,5.60775441670043,3.75275022095032,3.7503818289575,0.224807706425521,-0.146803871887505,0.973134769906714
385,2.13888888888888,5.62866376172458,3.77356000967841,3.62408174068315,0.223974329212108,-0.141308771594279,0.991240473529119
386,2.14444444444444,5.64968901431306,3.79364741245521,3.49098400701904,0.223173379211559,-0.135749353784002,1.00882285260814
387,2.14999999999999,5.6708264284172,3.81296404436588,3.3512765519427,0.222437796568526,-0.130104089501234,1.02556885951897
388,2.15555555555555,5.69206982042267,3.83147677738654,3.20518260218213,0.221710767461039,-0.124342459257402,1.0415130951834
389,2.1611111111111,5.7134155271025,3.84916160703244,3.05292303085495,0.221038420376699,-0.11852822589404,1.05679238823142
390,2.16666666666666,5.73485918479398,3.86598261014695,2.89471596543051,0.220366469286082,-0.112653047113626,1.07142104314499
391,2.17222222222222,5.75639823152807,3.88189490436578,2.73081384393748,0.219784305473638,-0.106643977556373,1.0850158545948
392,2.17777777777777,5.77802571650702,3.89686001017209,2.56155689104812,0.219220397806509,-0.10050982210519,1.0977058721681
393,2.18333333333333,5.79973286750248,3.91084002413462,2.38732109749797,0.218696845037173,-0.0943215699160568,1.10973810546635
394,2.18888888888888,5.8215161547105,3.92380740672275,2.20845003334105,0.218192579144579,-0.0881671773241004,1.12081749108694
395,2.19444444444444,5.84336924892148,3.93573923644118,2.02530334472181,0.217756535279728,-0.08200631270868,1.13098954687265
396,2.19999999999999,5.86528597903528,3.9466049706907,1.83825204828965,0.217316310448674,-0.0757244561806469,1.14063517246393
397,2.20555555555555,5.88726158572549,3.95638798052949,1.64765826662319,0.216930831230492,-0.0693684427544746,1.14981855889706
398,2.2111111111111,5.90928954524089,3.96507121549382,1.45391738206237,0.216549432236606,-0.0629501851364555,1.15864707343249
399,2.21666666666666,5.93136344534956,3.97262636421033,1.25741771758648,0.216200223587635,-0.05644245467645,1.1671764952297
400,2.22222222222222,5.95348093854234,3.97904994299139,1.05852511069148,0.215875795716104,-0.049857211467426,1.17482929238523
401,2.22777777777777,5.9756338872906,3.98434646395684,0.8576594158549,0.215627190505924,-0.0433188415978032,1.18094879424843
402,2.23333333333333,5.99781530730646,3.98851075132784,0.655273389782077,0.21542839258342,-0.0367737911419447,1.18582481111657
403,2.23888888888888,6.02001817435103,3.99153504804184,0.451806503748073,0.215250519009048,-0.0301552876184276,1.19006372891616
404,2.24444444444444,6.04223661369615,3.99340461174994,0.247710014991808,0.215103895234659,-0.0234953762456448,1.19337253292599
405,2.24999999999999,6.06446154317619,3.9941144685312,0.0434517091448688,0.215020832052122,-0.0167670059653019,1.19565244636279
406,2.25555555555555,6.08668591197503,3.99366432563085,-0.160524438578773,0.214949883630716,-0.0100127368325363,1.19746581783348
407,2.2611111111111,6.1089035590536,3.9920684760769,-0.363765479665679,0.214912310716728,-0.00322062337373463,1.19911275962268
408,2.26666666666666,6.13110324047381,3.98933623513454,-0.565822851653639,0.214874773621065,0.00356287932193871,1.20053118745346
409,2.27222222222222,6.15328287371705,3.98546803244628,-0.766323799805253,0.214891397435199,0.0102646372037696,1.20133918754053
410,2.27777777777777,6.1754351213622,3.98047132620441,-0.964899421332921,0.214937539956479,0.0169276684278016,1.20120600253153
411,2.28333333333333,6.19755363416699,3.97434942882674,-1.16112503845874,0.215037451066736,0.023567121669838,1.19983183085712
412,2.28888888888888,6.21962761164871,3.96711888852052,-1.3546007644422,0.215189175163322,0.0301571556319181,1.19716330802858
413,2.29444444444444,6.24165449108227,3.95879974271708,-1.54502318459163,0.215368573916951,0.0367602524183667,1.19356121213834
414,2.29999999999999,6.26362917603432,3.94941622158753,-1.73210358310896,0.215584621442522,0.04330766169936,1.18885283824752
415,2.30555555555555,6.28554475107432,3.9389895734689,-1.91552351254364,0.215876749635895,0.049770904402532,1.18305410303625
416,2.3111111111111,6.30739488976473,3.92754737794051,-2.09502000832897,0.21615746034713,0.0563003610800091,1.17653605478937
417,2.31666666666666,6.32917784022856,3.91512364467083,-2.27038966104952,0.216509366917454,0.0628662437625372,1.1689009279814
418,2.32222222222222,6.3508875123692,3.90173952306468,-2.44141199954574,0.216910381241902,0.0693888122271377,1.15994528809506
419,2.32777777777777,6.37251825944653,3.88741646112404,-2.60786184897867,0.217352257754448,0.0758737805294845,1.15022047764379
420,2.33333333333333,6.39406570189789,3.87218487443024,-2.76955264273266,0.217805040552626,0.082265584826466,1.14029134624435
421,2.33888888888888,6.41552482705872,3.85607979036716,-2.92633098708227,0.218267930723266,0.0885363036873049,1.13026908867468
422,2.34444444444444,6.43689198756871,3.83912473246736,-3.07807680362472,0.218757737158514,0.0947390072159058,1.11983458833786
423,2.34999999999999,6.45816331321802,3.82134763064676,-3.22469661490452,0.219294755070691,0.100937260623568,1.10857086861924
424,2.35555555555555,6.47933542861932,3.80277131297012,-3.3661081014873,0.219876854204307,0.107049093741396,1.0962834132577
425,2.3611111111111,6.50040367944421,3.78342389334125,-3.5022352244755,0.220499303627337,0.113092532212768,1.08324926628994
426,2.36666666666666,6.52136401602631,3.76335097579033,-3.63298672123417,0.221144794953306,0.11900696093532,1.06975242352243
427,2.37222222222222,6.54220864327974,3.742591911607,-3.758259268077,0.221819238962042,0.124742611460396,1.0556787864123
428,2.37777777777777,6.5629337256754,3.72117397317166,-3.87800499216079,0.222527634799474,0.130437175885774,1.04100902817111
429,2.38333333333333,6.58353665615998,3.69912419176814,-3.99223323482852,0.223255858123446,0.135987089388883,1.02571271288986
430,2.38888888888888,6.60401413268039,3.67647637952427,-4.10095799496972,0.224025786628522,0.141459187062816,1.00950252718006
431,2.39444444444444,6.62436239898856,3.65326320251625,-4.20419926082532,0.224827778338092,0.14695157921605,0.992519343217442
432,2.39999999999999,6.64457903377771,3.62951735776074,-4.30200606570412,0.225650409162383,0.152429776616515,0.974806367832744
433,2.40555555555555,6.66466167485784,3.60527604968011,-4.39445214696814,0.226522616143766,0.157836965944073,0.956127019504786
434,2.4111111111111,6.68460809671007,3.5805708425049,-4.48162195472518,0.227416229072833,0.163101637542398,0.936756678296387
435,2.41666666666666,6.70441601945707,3.55542742223981,-4.56361341302378,0.228343862463412,0.168307771790219,0.916866095061091
436,2.42222222222221,6.72408349827027,3.52986952099767,-4.64051733417661,0.229301030999076,0.173497658304254,0.896358639565946
437,2.42777777777777,6.74360723228507,3.50391957957041,-4.71239766586385,0.23028017257147,0.17852274902395,0.875238430924762
438,2.43333333333333,6.76298407309945,3.47760731550016,-4.77935134354204,0.231289922497825,0.183424360082375,0.853424844010472
439,2.43888888888888,6.78221505478426,3.45096039637561,-4.84154433333137,0.232320461248701,0.188239900667595,0.831007322793998
440,2.44444444444444,6.80129944249865,3.42399900043134,-4.89915279750275,0.233363180133012,0.192971807575234,0.808077987224523
441,2.44999999999999,6.82023537147125,3.39674002309163,-4.95231248555208,0.234448209734608,0.197531976554979,0.784402065512796
442,2.45555555555555,6.83902018583401,3.36920452168766,-5.00113484431448,0.235554265950184,0.201858668274989,0.759925371340279
443,2.4611111111111,6.85765328263266,3.34142615770592,-5.04571357720823,0.236676839160353,0.206037031790961,0.734750614824665
444,2.46666666666666,6.87612964068683,3.31343004243344,-5.08613910919176,0.237828712073076,0.210058971523876,0.709152916723378
445,2.47222222222221,6.89445042012986,3.28523479375369,-5.12253515933057,0.238969330282593,0.213841995851444,0.683429430640914
446,2.47777777777777,6.91261331668285,3.25686287749024,-5.15501771470425,0.24013925086532,0.217440793228513,0.65717860026569
447,2.48333333333333,6.9306180345566,3.22833269783788,-5.1837055071445,0.241350376912623,0.220934949097358,0.630121172884295
448,2.48888888888888,6.94846476635209,3.19965987163481,-5.20873757803124,0.242564592415515,0.224272939013076,0.602410923841538
449,2.49444444444444,6.96615174098084,3.17086750474165,-5.23019833233785,0.243808960126593,0.227504283647844,0.573855389092008
450,2.49999999999999,6.98367501287617,3.14196485413142,-5.24817897570097,0.245086311142924,0.230668817020572,0.544277147318018
451,2.50555555555555,7.00103968762063,3.11295917329866,-5.26284423197602,0.246398947617187,0.233665642547811,0.514232662355351
452,2.5111111111111,7.01824457281269,3.08386913493591,-5.27435345806391,0.247686621450097,0.236380419205498,0.484064565415544
453,2.51666666666666,7.0352923020876,3.05470762024095,-5.28282698611151,0.249024788251377,0.238935485053201,0.453273147898548
454,2.52222222222221,7.05218062180996,3.02548681015174,-5.28833339281115,0.25037365053598,0.241342807006127,0.421793465079834
455,2.52777777777777,7.06890850313478,2.99622356708096,-5.2909168358758,0.2517428425187,0.243467287636141,0.389842003194872
456,2.53333333333333,7.08547576022391,2.9669373510683,-5.29063699045836,0.253116350122354,0.245387897135504,0.357419143129746
457,2.53888888888888,7.10188181079308,2.93764202272197,-5.28757986109954,0.254504787543776,0.24721247726603,0.324584672515657
458,2.54444444444444,7.11812956292945,2.90836020962928,-5.28183491180214,0.255890623699373,0.248982274217366,0.291395521804652
459,2.54999999999999,7.1342163909583,2.87910511344879,-5.27343939907335,0.257301025043692,0.250662292986638,0.258001189143375
460,2.55555555555555,7.15014272588154,2.84988131640051,-5.26240963344027,0.258705819072041,0.252170038001648,0.224558030409032
461,2.5611111111111,7.16590768867007,2.82070818567079,-5.2487519653196,0.260129410598684,0.253514036278439,0.19113600909648
462,2.56666666666666,7.18150990079105,2.79161484629177,-5.23247608643917,0.261534101245563,0.254616638369086,0.1578549848819
463,2.57222222222221,7.19695135253886,2.7626164978235,-5.21360971797736,0.262941703400645,0.255531467250564,0.124591022116637
464,2.57777777777777,7.21222992277977,2.73371883361058,-5.19218141034792,0.26436505581782,0.256323231118813,0.091328282447743
465,2.58333333333333,7.22734892271269,2.70493894953624,-5.16821800515182,0.265773994124575,0.256845354530368,0.0584755045895415
466,2.58888888888888,7.24230537831494,2.67629469865071,-5.14174805493811,0.267171756478752,0.257200457678434,0.025720977192785
467,2.59444444444444,7.25710364258755,2.64779737815698,-5.11282882800372,0.268607139838353,0.257413678759316,-0.00747514763684803
468,2.59999999999999,7.27174315238909,2.61945680418416,-5.08150970999582,0.27003812850832,0.257277760297686,-0.0408436094584911
469,2.60555555555555,7.28622571440188,2.59128751979754,-5.04780792252584,0.27147526586416,0.256844925928936,-0.0741030445331689
470,2.6111111111111,7.30055080698154,2.56330640192146,-5.01174942079737,0.272918639166261,0.256240504493343,-0.107114043990228
471,2.61666666666666,7.31472168875531,2.53552963620333,-4.97338543696944,0.274352480393887,0.255538180084208,-0.139616391127407
472,2.62222222222221,7.32873879865012,2.50796937880703,-4.93274879937224,0.275772215138075,0.25471558737879,-0.171555304633464
473,2.62777777777777,7.34260246401294,2.48063438611677,-4.88984764451744,0.277192885811355,0.253742153535366,-0.203254381344193
474,2.63333333333333,7.35631327826577,2.45353259909129,-4.84468365879624,0.278630601812112,0.252520245149685,-0.234783518412996
475,2.63888888888888,7.36987003846562,2.42667317291902,-4.79726230418108,0.280048626144695,0.251028320480079,-0.265856414256792
476,2.64444444444444,7.3832752224214,2.40006812715655,-4.74765134022431,0.281472883359504,0.249382807699667,-0.296081579870275
477,2.64999999999999,7.39653291914483,2.37373772828852,-4.69595973670825,0.282834803610853,0.247583000795438,-0.325005239173606
478,2.65555555555555,7.40964507120434,2.34769789931156,-4.64225854860489,0.284181869859227,0.245609701763398,-0.352959611058482
479,2.6611111111111,7.42261178998459,2.32195649562159,-4.58658346939962,0.285529850869175,0.243524962894586,-0.380130060415264
480,2.66666666666666,7.43543424741554,2.29651996095481,-4.52898825505962,0.28683761832352,0.241295358091631,-0.40626574369271
481,2.67222222222221,7.44811466475961,2.27140049796747,-4.46955225383556,0.288144029831772,0.238864363470882,-0.431698186673518
482,2.67777777777777,7.46065454222217,2.24661603739007,-4.40836445123364,0.289439308346457,0.23632627883929,-0.456822260408635
483,2.68333333333333,7.47305739938506,2.22217829126077,-4.34553944898612,0.290746739192994,0.233629302561179,-0.481645399702179
484,2.68888888888888,7.48532671077385,2.19809646645931,-4.28120222243563,0.292032894562666,0.230738514931969,-0.505802329139176
485,2.69444444444444,7.49746436867287,2.17437648277848,-4.21545301057594,0.293299120094089,0.227739053400036,-0.529155085262473
486,2.69999999999999,7.50947252416818,2.15102369610532,-4.14837405859556,0.294544300031199,0.224612425782373,-0.552000252949983
487,2.70555555555555,7.52135252074805,2.12805445427245,-4.08004040582068,0.295798102878077,0.221348683665015,-0.574247221551193
488,2.7111111111111,7.53310561847742,2.10548610414127,-4.0105444578226,0.297004246002689,0.217966418476603,-0.595737757737608
489,2.71666666666666,7.54473565900402,2.08332586784934,-3.93999713716077,0.298225147673275,0.214462169182386,-0.616650031548267
490,2.72222222222221,7.55624355027173,2.06157652988868,-3.86848919902446,0.299413956206764,0.210879929866786,-0.63711963352726
491,2.72777777777777,7.56763131567336,2.04023759944477,-3.79609091002436,0.300613339035131,0.207188603587991,-0.657213417014423
492,2.73333333333333,7.57890019436755,2.01931084053565,-3.72288031682387,0.301766513018341,0.203369707196754,-0.67673192965054
493,2.73888888888888,7.5900534909596,1.99879903904216,-3.64897474003067,0.302919115612591,0.199504607633346,-0.695553390181781
494,2.74444444444444,7.60109444552994,1.97871331594273,-3.57450453741717,0.304030634951663,0.195534869250987,-0.713674781829076
495,2.74999999999999,7.6120249995232,1.95906379858753,-3.49957438801101,0.305134901644367,0.191536477099099,-0.730759828471514
496,2.75555555555555,7.6228478044384,1.93985239413314,-3.42428585298537,0.30617392296055,0.18756094880396,-0.746648545708998
497,2.7611111111111,7.63356531141388,1.92108445909965,-3.34858245667747,0.307211173975875,0.183483820529766,-0.761860681514064
498,2.76666666666666,7.64418010732781,1.90275770180172,-3.2724089927673,0.308213948543708,0.179348077810138,-0.776722769629529
499,2.77222222222221,7.65469344850922,1.88486955213144,-3.1961240298167,0.309188820404554,0.175158049630655,-0.791068352483784
500,2.77777777777777,7.66511166501182,1.86742867480727,-3.12011690228764,0.31012642739307,0.170811754162414,-0.805045146445935
501,2.78333333333332,7.67543332600182,1.85043207883143,-3.04447112364776,0.311075055047728,0.166301265901312,-0.81873359281479
502,2.78888888888888,7.68566304330587,1.8338698509768,-2.96920373873296,0.311976509864568,0.161807877235357,-0.831725909896803
503,2.79444444444444,7.69580209084134,1.81773348523452,-2.89433656837381,0.312856585594178,0.15727323317939,-0.844033263580017
504,2.79999999999999,7.70585278453455,1.80201423348624,-2.81987049935366,0.313714651289615,0.152560241932798,-0.855961411912256
505,2.80555555555555,7.71581720287931,1.78671270204608,-2.74581151846082,0.314538776729316,0.147776507822284,-0.867192778456949
506,2.8111111111111,7.72569858383075,1.7718249646263,-2.67217723066045,0.315297456738603,0.142934384358544,-0.877579802179264
507,2.81666666666666,7.73549916566161,1.75734494323684,-2.59897681886058,0.316046696383845,0.138018504203707,-0.887619012811771
508,2.82222222222221,7.74522160199153,1.74326216996779,-2.52622306939015,0.316762828692823,0.133059368662861,-0.897779642630045
509,2.82777777777777,7.75486871510886,1.72957060142601,-2.45392197856865,0.317479234672024,0.128031794756106,-0.908234793919352
510,2.83333333333332,7.76444073447465,1.71626996544577,-2.38203368061921,0.318160210552323,0.122909888379517,-0.918848446171164
511,2.83888888888888,7.77393887373468,1.70335639905952,-2.31053001331516,0.318822410661967,0.117736348137918,-0.929542300041318
512,2.84444444444444,7.78336794425609,1.69082919531697,-2.2394431369451,0.319456925069831,0.112536451077247,-0.940209927008887
513,2.84999999999999,7.79273126542813,1.67868248569322,-2.16879504740036,0.32005339258621,0.107335148009183,-0.950798947724622
514,2.85555555555555,7.80202820887782,1.66691470019571,-2.09855261183953,0.320631793000636,0.102062019429777,-0.961640264034772
515,2.8611111111111,7.81126161931615,1.6555235336665,-2.02868744299814,0.321198787334793,0.0967573527822532,-0.972616306867428
516,2.86666666666666,7.82043330480756,1.64450733938408,-1.95919382982646,0.321715350497118,0.0915129927223146,-0.983615293317718
517,2.87222222222221,7.82954460969153,1.63386414246082,-1.89005648236922,0.322239077009287,0.0861682846743026,-0.994950385199117
518,2.87777777777777,7.83859824891356,1.62358730101021,-1.82124785533995,0.322724573529877,0.0806750467146271,-1.00617680035208
519,2.88333333333332,7.84759541388928,1.61367244668971,-1.75274004230647,0.323157015308208,0.0751111970769582,-1.01677694045354
520,2.88888888888888,7.85653752952585,1.60411645315115,-1.68452193709261,0.323552789840132,0.0694676386472185,-1.02704617241581
521,2.89444444444444,7.86542850467726,1.59491577545931,-1.61659773419166,0.323929755587357,0.0637597264776634,-1.03740832916373
522,2.89999999999999,7.87427026129441,1.58606545241467,-1.54896446025214,0.324276771137226,0.0580064569597941,-1.04797925055862
523,2.90555555555555,7.88306526157882,1.57756724052631,-1.48160145083058,0.324597755273877,0.0522089947657479,-1.05872754980115
524,2.9111111111111,7.8918146559098,1.56942495795592,-1.41447712057187,0.324905456185493,0.046261189016911,-1.06936621197183
525,2.91666666666666,7.90052086851009,1.56164496840088,-1.34755802298546,0.325149472750905,0.0401723000285353,-1.07944812682404
526,2.92222222222221,7.90918507621034,1.5542303007505,-1.28081897332282,0.325357273089335,0.0339953162430328,-1.08909968063887
527,2.92777777777777,7.91781071603292,1.54717517097151,-1.21426249672628,0.325546030435153,0.0278463025008026,-1.0985462115357
528,2.93333333333332,7.92640041267931,1.54047367454545,-1.14789780851425,0.325683790550565,0.021771768285171,-1.10766079977699
529,2.93888888888888,7.93495398068007,1.53412853428185,-1.08170572159775,0.325796113267273,0.0156160031722361,-1.11653517653479
530,2.94444444444444,7.94347315614722,1.52814578366711,-1.01564615265657,0.32588259890635,0.00944668519333044,-1.1252307899714
531,2.94999999999999,7.95195669233427,1.52252768199281,-0.949687132352693,0.325929998934734,0.00330002596859943,-1.13345259414107
532,2.95555555555555,7.96040786531569,1.51727524409703,-0.88383570611093,0.325926321722027,-0.00287135736818283,-1.1412312645421
533,2.9611111111111,7.96882969943572,1.51238827754876,-0.818111630791599,0.325915587714106,-0.0091547017915316,-1.14865112463565
534,2.96666666666666,7.97722366662873,1.50786106994674,-0.752517113893893,0.32583948611582,-0.0155457560389533,-1.15541318374914
535,2.97222222222221,7.9855917544519,1.50368984406488,-0.687038020373817,0.325733525846474,-0.0219675535795419,-1.16156736885513
536,2.97777777777777,7.99393340091694,1.49987521542061,-0.621646546026467,0.325595214532986,-0.0283962196642243,-1.16727477570158
537,2.98333333333332,8.00225009348348,1.49641868953534,-0.556348450827328,0.325425747003016,-0.0348648811235365,-1.17239722097041
538,2.98888888888888,8.01054696950517,1.49332394787069,-0.491192324054685,0.325204606824749,-0.04134503171279,-1.17687891047787
539,2.99444444444444,8.01882538843823,1.49059056189433,-0.426216349965992,0.324960752504859,-0.0478553734832252,-1.18071548886035
540,2.99999999999999,8.02708933877937,1.48821987818738,-0.361437739006932,0.324659174172955,-0.0543837442254039,-1.18393975132578
541,3.00555555555555,8.03534136132723,1.48621759422904,-0.296851173238786,0.324337236897875,-0.0609436913244733,-1.1865630750197
542,3.0111111111111,8.04358154132788,1.48458859540769,-0.232431560164023,0.323955974628887,-0.0676232155541462,-1.18847073195066
543,3.01666666666666,8.05181144619309,1.4833351842852,-0.16815632883801,0.32355203304042,-0.074390508254075,-1.18981065520287
544,3.02222222222221,8.06003257898789,1.48245697802316,-0.104028063924005,0.323112926192133,-0.0812209356568681,-1.19061223853462
545,3.02777777777777,8.06824897384215,1.4819564049,-0.0400748460207223,0.322623282041561,-0.0880661548832347,-1.19087207813256
546,3.03333333333332,8.07646343194712,1.48183661522966,0.0236891366170689,0.322110317939972,-0.0948434712721968,-1.19095935921693
547,3.03888888888888,8.08467832881648,1.48210077192692,0.0850209110609914,0.321573082528591,-0.101535603792425,-1.19103523135738
548,3.04444444444444,8.09289759361428,1.48286191394676,0.147216725617924,0.320994153542253,-0.108300373901993,-1.19083113611097
549,3.04999999999999,8.10112203810512,1.48414605894416,0.212845617600765,0.320396237510283,-0.115129732081557,-1.19017830666569
550,3.05555555555555,8.10935412448125,1.48582112025085,0.278321901359789,0.319749015572588,-0.121914584636362,-1.18897246179138
551,3.0611111111111,8.11759662833719,1.48784427286809,0.343076526702309,0.319050460974586,-0.128703408527247,-1.18701316543816
552,3.06666666666666,8.12585180874322,1.4902157726457,0.407217783366567,0.31830407906738,-0.135487791604344,-1.18458398628
553,3.07222222222221,8.13412216791417,1.49293187704848,0.470880056517185,0.317559669829958,-0.142212864991629,-1.181952155484
554,3.07777777777777,8.14240940738982,1.49599318343635,0.534213878134708,0.316749885750372,-0.148918779540334,-1.17883710271708
555,3.08333333333332,8.15071525186887,1.49939986548103,0.597370360973393,0.315896785170154,-0.155585967848769,-1.17518124306885
556,3.08888888888888,8.15904321552063,1.50315114833778,0.660504918519372,0.315014513854671,-0.162130144801319,-1.17119324127535
557,3.09444444444443,8.16739406226336,1.50724636580556,0.723796527571804,0.314093748944868,-0.168575241907657,-1.16690043703374
558,3.09999999999999,8.1757701061239,1.51168632292052,0.787450290768052,0.313130884089561,-0.174970871203555,-1.16236180692675
559,3.10555555555555,8.184172581344,1.51647135994058,0.851687902859909,0.312141145387061,-0.18133917387657,-1.15762312014693
560,3.1111111111111,8.19260474020811,1.52160684862272,0.916728175016521,0.311106222580112,-0.187685158896973,-1.15262292985054
561,3.11666666666666,8.20106869254628,1.52710287056854,0.982797168321567,0.310027036662681,-0.193982060529758,-1.14740172988954
562,3.12222222222221,8.20956700068845,1.53296328915541,1.05013155451469,0.308923639412625,-0.200246115292589,-1.14210182802063
563,3.12777777777777,8.21810126340942,1.53918833346287,1.11898118307624,0.307780354756442,-0.206446218840254,-1.13686201640932
564,3.13333333333332,8.22667308100942,1.54578793751997,1.18960725458686,0.30661065089298,-0.212597639577843,-1.13166216159654
565,3.13888888888888,8.23528540622821,1.55277485666799,1.26227369487965,0.305393624954814,-0.218753165127033,-1.12648923265784
566,3.14444444444443,8.24394053327099,1.56015943978506,1.33725175139235,0.304160025595493,-0.224866581460532,-1.12162445684136
567,3.14999999999999,8.25264074527277,1.56795605695824,1.41481850870423,0.302909494708987,-0.230974528348388,-1.11702862928448
568,3.15555555555555,8.26138889359163,1.57617925931617,1.49526618324977,0.301602575910917,-0.237111220289361,-1.11236208905289
569,3.1611111111111,8.27018705580549,1.58484542045334,1.57889893983954,0.300261977661902,-0.243179481236345,-1.10763491721604
570,3.16666666666666,8.27903681089659,1.59397502122125,1.66602228964065,0.298883743216167,-0.249171460693614,-1.10293609360376
571,3.17222222222221,8.28794039673506,1.60358565723244,1.75694607773943,0.29748294433066,-0.255141541066408,-1.09825973531099
572,3.17777777777777,8.29690027428145,1.6136949872134,1.85198862907754,0.296045485257088,-0.261107744035521,-1.0936498949305
573,3.18333333333332,8.30591892933974,1.62432414798862,1.95146345549366,0.294578415571801,-0.267065375093082,-1.08913397524015
574,3.18888888888888,8.31499989664664,1.63549711467857,2.05566941548921,0.293087199726171,-0.27305277098887,-1.08450414407355
575,3.19444444444443,8.32414684926925,1.64723966871179,2.16489349342429,0.291539606722685,-0.279013278148444,-1.07950916175041
576,3.19999999999999,8.33336284862402,1.65957930609555,2.27941762559906,0.289955591227728,-0.284900553072533,-1.07414242490752
577,3.20555555555555,8.34265067600238,1.67254334194379,2.39953950062144,0.288337229725478,-0.290785564959999,-1.06861810685958
578,3.2111111111111,8.35201340070057,1.68615755752945,2.5255713114124,0.286710145524547,-0.296646638083363,-1.06321177233796
579,3.21666666666666,8.36145383679899,1.70045512322099,2.6578102210627,0.285050523932919,-0.30247116770203,-1.05775688933276
580,3.22222222222221,8.37097642765795,1.71547308585513,2.79652721190973,0.283347504865149,-0.308303616370155,-1.05207514799358
581,3.22777777777777,8.38058494604411,1.73125320592069,2.94198412971844,0.281624115136186,-0.314126498542984,-1.04630936066291
582,3.23333333333332,8.39028356421453,1.74783761099601,3.09444147832141,0.279873776729393,-0.319893888100671,-1.04042911610112
583,3.23888888888888,8.40007562956262,1.76526291625429,3.25415494930275,0.278106975923391,-0.325656813256383,-1.03416083363451
584,3.24444444444443,8.40996606199272,1.78356974674444,3.42138404543722,0.276279735894333,-0.331392786376526,-1.02725941378859
585,3.24999999999999,8.41995745801574,1.80280204206918,3.59638885661349,0.274429646471666,-0.337056088968714,-1.01974367947911
586,3.25555555555555,8.43005477941181,1.82300943793541,3.7794126423882,0.272530214309995,-0.342696017544873,-1.01169919889744
587,3.2611111111111,8.4402622242558,1.84424536007074,3.97068057886155,0.270618656906488,-0.348311588721554,-1.00304366422629
588,3.26666666666666,8.45058493621125,1.86655548632934,4.17040103360319,0.268670027389667,-0.353866795346181,-0.99369540346137
589,3.27222222222221,8.46102747084282,1.88998610642137,4.37877310999929,0.266704723280722,-0.35936907295999,-0.983594155416391
590,3.27777777777777,8.47159512780585,1.91458596827225,4.59598785000676,0.264698415171698,-0.364801557635361,-0.972649336478246
591,3.28333333333332,8.48229366431695,1.94040222300906,4.82221281257694,0.262706136095265,-0.370159955075344,-0.960773444334508
592,3.28888888888888,8.49312955555229,1.96748944327616,5.05759367001374,0.260674417486598,-0.375432835079303,-0.947682467225812
593,3.29444444444443,8.50410858321062,1.99590582686254,5.30226522444232,0.258592883598302,-0.380605903947637,-0.933123284630588
594,3.29999999999999,8.51523718565971,2.02570912563573,5.55635617539048,0.256471057404899,-0.385713700998639,-0.917020703607728
595,3.30555555555555,8.5265222301726,2.05695397058503,5.81998116413259,0.25431246114719,-0.390702567605797,-0.899348074923337
596,3.3111111111111,8.53797146018517,2.08969283799887,6.09323420541897,0.252134081538888,-0.395580997029237,-0.880218221471166
597,3.31666666666666,8.54959242765234,2.12398091851429,6.37619235020651,0.249944435101984,-0.400390169523554,-0.859746251963899
598,3.32222222222221,8.56139433705281,2.15833104000208,6.66204614654768,0.247753374571549,-0.405232268336147,-0.838500840774535
599,3.32777777777777,8.57346143073732,2.19616237091009,6.96177718005492,0.245487872859303,-0.409927787759807,-0.812905141466763
600,3.33333333333332,8.58576431565962,2.23604446553242,7.26931411537225,0.243187717998189,-0.414479043767787,-0.784560843436047
601,3.33888888888888,8.59829211869169,2.27769559941567,7.58658592603024,0.240862716970769,-0.418874911461025,-0.754407277964055
602,3.34444444444443,8.61105486287079,2.32116542214237,7.91368896402128,0.238513883640735,-0.423104038243182,-0.722409099745564
603,3.34999999999999,8.62406285616134,2.36650395249524,8.25071369435318,0.236142286221948,-0.427154863458127,-0.688533129869029
604,3.35555555555555,8.6373266933233,2.41376157923446,8.59774464373186,0.233749047665151,-0.431015638236422,-0.652748375113588
605,3.3611111111111,8.65085725778681,2.46298906187985,8.95486034840724,0.231335346052692,-0.434674445197452,-0.615026047485881
606,3.36666666666666,8.66466572352488,2.51423753148731,9.32213330276136,0.228902414985278,-0.438119218288921,-0.575339583610184
607,3.37222222222221,8.67876355693215,2.56755849142962,9.69962990735075,0.226451543974472,-0.441337762433104,-0.533664664183743
608,3.37777777777777,8.69316251869418,2.62300381817568,10.0874104174727,0.223984078833528,-0.444317773464136,-0.489979233418126
609,3.38333333333332,8.70787466566389,2.68062576206853,10.4855288911567,0.221501422065339,-0.447046857774258,-0.444263518464286
610,3.38888888888888,8.72291235273201,2.74047694810588,10.8940331377453,0.219005033255016,-0.449512552092783,-0.396500048865564
611,3.39444444444443,8.73828823470899,2.80261037671926,11.3129646659145,0.216496429459912,-0.451702343302313,-0.346673676029313
612,3.39999999999999,8.7540152681886,2.86707942455178,11.7423586321092,0.213977185600597,-0.45360368816182,-0.294771592577454
613,3.40555555555554,8.77010671343282,2.93393784523892,12.1822437888186,0.211448934849177,-0.455204033083282,-0.240783351871651
614,3.4111111111111,8.786576136235,3.00323977018729,12.6326424327199,0.208913369022412,-0.456490833919961,-0.184700887405779
615,3.41666666666666,8.80343740980038,3.07503970935375,13.0935703532668,0.206372238969925,-0.457451575782616,-0.12651853229152
616,3.42222222222221,8.82070471662109,3.14939255202444,13.5650367806156,0.203827354966634,-0.458073792646173,-0.0662330386298709
617,3.42777777777777,8.83839255034559,3.22635356759452,14.0470443342056,0.201280587100955,-0.458345087245107,-0.00384359701303765
618,3.43333333333332,8.85651571765447,3.30597840634698,14.5395889708161,0.198733865667637,-0.458253150887322,0.0606481440737844
619,3.43888888888888,8.87508934013999,3.3883231002319,15.042659933024,0.19618918155651,-0.457785783032887,0.127238058785442
620,3.44444444444443,8.89412885616639,3.47344406364505,15.5562396973764,0.193648586643139,-0.4569309112872,0.195919524522033
621,3.44999999999999,8.91365002276098,3.56139809420927,16.0803039227394,0.191114194180336,-0.455676611005329,0.266683402406052
622,3.45555555555554,8.93366891747246,3.65224237355108,16.6148213985871,0.188588179187209,-0.454011125077959,0.339518017959781
623,3.4611111111111,8.95420194025655,3.74603446808158,17.1597539932627,0.186072778840571,-0.451922883824445,0.414409141552169
624,3.46666666666666,8.97526581534544,3.84283232977543,17.715056602181,0.183570292864279,-0.449400524604134,0.491339969024993
625,3.47222222222221,8.99687759311928,3.94269429694896,18.2806770963361,0.181083083921767,-0.446432911700103,0.570291102253832
626,3.47777777777777,9.01905465198615,4.04567909503999,18.8565562703516,0.178613578004042,-0.44300915597938,0.651240529655479
627,3.48333333333332,9.04181470024923,4.15184583738858,19.4426277907987,0.176164264821127,-0.439118634792976,0.734163606828079
628,3.48888888888888,9.06517577798559,4.26125402601463,20.0388181447488,0.173737698194091,-0.434751011577901,0.819033037030604
629,3.49444444444443,9.08915625891996,4.37396355239605,20.6450465876915,0.171336496441945,-0.429896255822387,0.905818851818331
630,3.49999999999999,9.11377485229696,4.49003469825118,21.2612250919337,0.168963342775605,-0.424544662691187,0.99448839153396
631,3.50555555555554,9.13905060475622,4.60952813631548,21.8872582952099,0.166620985686277,-0.418686872741673,1.08500628590817
632,3.5111111111111,9.16500290220392,4.73250493112084,22.5230434483892,0.164312239336505,-0.412313891935628,1.17733443461824
633,3.51666666666666,9.19165147169088,4.8590265397761,23.1684703642095,0.162039983950308,-0.4054171111295,1.27143198785372
634,3.52222222222221,9.219016383282,4.98915481274548,23.8234213654068,0.159807166205064,-0.397988326065242,1.36725532685407
635,3.52777777777777,9.24711805193647,5.12295199462801,24.4877712329253,0.157616799619209,-0.390019756911788,1.46475804443937
636,3.53333333333332,9.27597723937447,5.26048072493631,25.1613871544687,0.155471964944954,-0.381504068302456,1.56389092570869
637,3.53888888888888,9.30561505595892,5.40180403887666,25.8441286724192,0.153375810558282,-0.372434388848487,1.66460192840546
638,3.54444444444443,9.33605296255655,5.5469853681268,26.5358476324545,0.15133155284886,-0.362804331111256,1.7668361636484
639,3.54999999999999,9.36731277243234,5.69608854161743,27.2363881314595,0.149342476610545,-0.352608011162374,1.87053587636212
640,3.55555555555554,9.39941665310448,5.8491777863095,27.9455864663832,0.14741193543181,-0.341840068569873,1.97564042594982
641,3.5611111111111,9.43238712822472,6.00631772797306,28.6632710818449,0.145543352087479,-0.330495686042123,2.08208626677515
642,3.56666666666666,9.46624707945853,6.16757339196931,29.3892625189328,0.143740218927123,-0.318570609148592,2.18980692873476
643,3.57222222222221,9.50101974835025,6.33301020402598,30.1233733633999,0.142006098266284,-0.30606116624549,2.29873299784958
644,3.57777777777777,9.53672873820028,6.50269399101956,30.8654081935456,0.140344622777411,-0.292964288110379,2.40879209679319
645,3.58333333333332,9.57339801594276,6.67669098175418,31.6151635292263,0.138759495880367,-0.279277527756058,2.51990886549698
646,3.58888888888888,9.61105191401543,6.85506780773881,32.3724277792498,0.13725449213227,-0.264999080130365,2.6320049416204
647,3.59444444444443,9.64971513222918,7.03789150396801,33.136981190597,0.135833457617191,-0.250127802118659,2.74499894122127
648,3.59999999999999,9.68941273965561,7.22522950970131,33.9085957959614,0.134500310338772,-0.234663231999148,2.85880643927027
