c0,k0,sigma0,mu0,cf,kf,sigmaf,muf,fitness,temps
2.25079596099373,0.14350980073229466,1.2341171034222889,0.009542040572338331,0.889513963853878,0.29161406458032296,1.0327196077912542,0.010367542687176146,0.1335298360689146,90.00922999999966
2.3721661270145704,0.39901663205992427,1.6138148231028802,0.0079573014880899,0.8895500162168686,0.2916073400170265,1.0327071235385428,0.010368043703843581,0.13352983580419,124.67419399999926
1.7654758658001595,0.2200482452966359,1.2776275415060916,0.006310823959677831,0.889575940916997,0.2915992544197139,1.032713095814445,0.010367641801341232,0.13352983581689554,84.90482399999928
1.7957663811574085,0.32153988665744765,1.98286374763259,0.01121563322476112,0.8895215503253279,0.2916135635854043,1.0327036846928364,0.010367819027768906,0.13352983608009328,169.2838789999987
1.3473416569736836,0.21397122857220466,1.8798530259002515,0.005578484079128029,0.8895713778445723,0.2916019966151348,1.032711384978418,0.010367499824588317,0.13352983581088385,83.8221829999984
1.6547374180834389,0.12501064564580594,1.2734921276447941,0.007655453955390476,0.8895810414805774,0.29159998205605764,1.03270747798148,0.010368447045161286,0.13352983582203617,93.00768400000015
1.4433080084212344,0.13994310763271733,1.7374814203993698,0.009308387542470778,0.8895789607230784,0.2915994091244397,1.0327177125229543,0.01036778079795174,0.13352983589733622,72.83662600000025
1.9300607596257136,0.10437554272559785,1.9903551875094947,0.010979584122026907,0.8896013019010578,0.29159310236496716,1.032714742827682,0.010369301595189295,0.1335298359761265,84.20994900000005
1.1880113523401175,0.3797216673970515,1.3567828689473824,0.011934167609206223,0.8896147070209354,0.2915894348488848,1.0327148784451334,0.010367988558898483,0.13352983583539782,145.77114299999994
1.9457864543000594,0.24858435813969873,1.2661027919890915,0.014458204641839471,0.8895898744396478,0.29159600906938504,1.0327107690404143,0.010367409387682935,0.13352983583305292,126.8053689999997
1.960020989660187,0.164493825302325,1.6890393622123876,0.005720807642517154,0.8895895107105971,0.2915963783676566,1.0327115137099514,0.01036810583294485,0.13352983577673758,92.68598200000088
1.1456343994507299,0.14308288882010178,1.2907761051111668,0.01153650485562008,0.8895710686275751,0.29160264813245956,1.0327080300484615,0.010367900071757682,0.1335298358102473,76.84209499999997
1.0638473554976047,0.27717281156970397,1.8958699433391901,0.012287950699627003,0.8895809622874168,0.2915983483418055,1.0327102261243337,0.010368184722086407,0.1335298357962108,151.59350900000027
2.3932954636608272,0.285060561773732,1.4122704690246228,0.014812994535086995,0.8895937465940277,0.29159563867114824,1.0327086504653296,0.010368305741913747,0.13352983579879013,129.13765899999999
1.2434602431955977,0.2717045332303538,1.8378815697607578,0.010320376181254996,0.8894148276526314,0.29164231949164177,1.0326906401025118,0.010368090273491459,0.13352983735815174,109.89561799999865
1.1223197195464913,0.1670253051166833,1.6751686993393833,0.014399825164234095,0.8895440150805194,0.29160829690373735,1.0327120053870422,0.010368492998977043,0.13352983579440636,94.35603300000002
2.4140175282656267,0.20017691300168233,1.2834269042216115,0.011025253243102771,0.8895622920652732,0.2916032988293499,1.032709003678843,0.010368747730996847,0.13352983585332479,119.35449599999993
2.3373779778425425,0.10295036606119459,1.4948041670823122,0.011914459265043352,0.8894096379041545,0.29164193123429016,1.03271188893128,0.010367869247550995,0.13352983627982185,92.23612599999979
1.0285025878300913,0.11014627878242542,1.9823887247435288,0.008807741681788914,0.8895950625377541,0.29159586388354364,1.032705298681242,0.010368244039575585,0.1335298358537627,87.74525600000015
1.3438008726949477,0.16109415952020126,1.7714103430816897,0.008006328479130393,0.8896491865889822,0.29158186750128934,1.0327126116128675,0.010368228951272995,0.13352983591021408,88.22541899999851
2.361723231565652,0.3262048757051084,1.911625756991847,0.005653910297467609,0.8896204038729297,0.2915881754843007,1.0327135588763596,0.010368059945491344,0.13352983582476807,107.0925270000007
1.6203866981319672,0.10789830623800029,1.3365654857281828,0.004261322900060939,0.8895314786444326,0.29161209198010396,1.0327115467318104,0.010368484798611563,0.13352983580542926,117.54285399999935
1.1620902296079236,0.36859987831074253,1.3882948272400752,0.01114809376327295,0.8895438142539996,0.2916088535424025,1.0327082120669435,0.010367688641430763,0.13352983580622607,98.4721669999999
1.1854785930382616,0.33842853935102,1.4579669544549998,0.0061428551168704335,0.8895835675562589,0.29159883159429634,1.032709043470421,0.010367228848588459,0.13352983584982292,58.165123000000676
1.7769806502590915,0.2486018791916444,1.2715584013997234,0.01036485370669096,0.8895455918976738,0.2916068967450394,1.0327205244499682,0.010367969653259784,0.13352983597116336,74.16335400000025
2.3472366685022386,0.36788323676274604,1.3551608993989959,0.01075055758081246,0.8895633851396232,0.29160374114768783,1.0327151091728979,0.010368685718875462,0.1335298358619337,148.3521639999999
2.216034462000419,0.1731612636375383,1.7239090262793728,0.005620053987153147,0.8896279822401733,0.2915857024985498,1.0327114822168757,0.010368484123457082,0.1335298358945322,124.49605899999915
1.856940422107867,0.312917162394227,1.685020122705534,0.004189308856449753,0.8895323860406422,0.2916097313757978,1.0327166839896407,0.010366729176829669,0.13352983608467645,145.6804460000003
1.24360094887695,0.18952743849643888,1.6823395615683863,0.0035593903534527427,0.8895170476123013,0.2916175499081315,1.0327065153430495,0.01036847997149335,0.13352983595059031,101.5664340000003
1.9500467383418827,0.2971629719630763,1.3776347769120703,0.013121403890110829,0.8896001570227003,0.2915940265090132,1.0327173010835926,0.010368134554815068,0.13352983589970602,220.80389099999957
2.285038230307417,0.1171995916753037,1.6413746996475642,0.013506687904084658,0.8895253126735918,0.291613494989445,1.0327105719866525,0.010366480057696553,0.13352983604886184,91.93653199999972
1.1155768756171558,0.2014821199277426,1.3250461688785693,0.004224009870562997,0.8895987061093603,0.29159622113028927,1.032699297802401,0.01036844716534827,0.1335298361033432,75.1567959999993
1.5946876531345655,0.2919841522865473,1.5602875882378706,0.00203073802573541,0.8895681568296906,0.2916024575183526,1.0327108459312662,0.010368917212665169,0.13352983583699649,98.94430000000102
1.9883866627910274,0.2944503476089019,1.2737212246054812,0.013072351789188199,0.8895556502618409,0.29160562276060864,1.0327164718297885,0.0103677955918277,0.13352983586409634,111.78818499999943
2.356804047043072,0.23182541848306762,1.534189726567106,0.006973318944479281,0.8895911521546938,0.2915967089774283,1.0327083745173324,0.010368182348594691,0.13352983578922906,81.93213599999945
1.9760205978418872,0.1429069662043466,1.5845005220371169,0.010948506925966122,0.8895811977389523,0.2915986326043948,1.0327129213854622,0.010367119568961525,0.1335298358593332,81.40163299999949
2.360936866391102,0.20301990586099172,1.5711948890139684,0.013122911074576214,0.8895829163573579,0.2915995409962432,1.032705877504975,0.010368738626685168,0.13352983587656114,93.22928499999944
1.7497077038988356,0.1322298102682836,1.465834244231647,0.011169051676675737,0.8895414188162716,0.2916106637496406,1.0327073890952652,0.010367943705258358,0.13352983584754785,69.1322540000001
1.6902616249946096,0.326021204138105,1.9333634746056627,0.006330458628833532,0.8895999961630514,0.29159417008925775,1.0327077860656542,0.010367649325783431,0.13352983582364278,82.88109299999996
1.5512940676681506,0.10476079858774437,1.6550030689109927,0.007058521268373678,0.889472142421727,0.2916260293317967,1.0327114531283546,0.010367845271187674,0.13352983598438437,82.53036900000006
1.102846713252378,0.18052445667692935,1.8395716329455125,0.007830263342132587,0.8895815829737004,0.2915990601911189,1.0327054710129335,0.010368717176439654,0.13352983588961528,90.98095699999976
2.3783384678821333,0.22068812466965604,1.555865563735546,0.013186263715923203,0.889705057781313,0.2915655297005363,1.03270457645442,0.010369241154276041,0.1335298365234315,70.64140399999997
1.5685973947262972,0.2784333638730927,1.4870070925540309,0.0020715306685402226,0.8894826892337175,0.291625372057541,1.0327142727765524,0.01036743450343194,0.13352983602398688,195.80273800000032
1.173049653438977,0.3756086258803481,1.665949412891008,0.006689591882848572,0.8895809681694702,0.2915983496422887,1.032710087158014,0.010367221061818171,0.13352983586192887,79.87457899999936
2.102284974938234,0.19739237534685578,1.868535448835857,0.005228710069138522,0.8895352246811412,0.2916119241726372,1.0327033468555342,0.010366500628984334,0.13352983617120892,100.30744700000105
1.174327644409726,0.20113553430226583,1.8368576546898874,0.0022476847676622456,0.8895717766026034,0.2916030053764164,1.0327140351121582,0.010368082094970307,0.13352983597483553,88.59978899999987
1.8714850178116582,0.301120431298718,1.3020774361207454,0.01335603284461413,0.8895602663112475,0.2916044807864562,1.0327148312032057,0.010367284992605485,0.13352983587302794,142.26807399999961
2.203412984210565,0.15478217234832486,1.9783929938454416,0.011642079752018116,0.889570979215716,0.29160052199447783,1.0327160658599197,0.010367605285551987,0.13352983584504308,101.9617930000004
1.7060415656877232,0.11331989196001624,1.353346630219645,0.010657842014531523,0.8895748327929549,0.29160036872083617,1.032709774588366,0.010367260042430711,0.13352983583671876,74.29926700000033
1.633176053088626,0.36211958310360304,1.8534934860376855,0.008191440480832693,0.8896104569906258,0.2915910506128584,1.032707196078055,0.010368436736708361,0.13352983586999587,107.7959809999993
1.6988429249619676,0.1098936309875447,1.3924691194126457,0.0071296846096121184,0.8895738258800201,0.2915997814477242,1.0327116939388299,0.010367581900342697,0.13352983583001193,90.21131099999911
2.414492897961293,0.12088809366435144,1.7948705525117015,0.0065467021790985855,0.8895843169661131,0.2915985395800937,1.0327104926995512,0.010367373082551019,0.1335298358217101,110.60242900000048
1.2540344266506231,0.10713444433877006,1.2117527734219102,0.007484526571575503,0.8896172846481282,0.29159068584106124,1.032706532183869,0.010366452656558297,0.13352983612680264,74.20613799999956
2.2112351264038783,0.1944376736440838,1.7859233898223823,0.008124909345557041,0.8895691902030443,0.29160213495265175,1.0327092940834657,0.010368652579172816,0.13352983580589542,119.1129689999998
2.3224915846248333,0.3007613617868924,1.8890056386969247,0.010947286970613455,0.8895674528263408,0.2916020977389261,1.0327101176956135,0.010367448374880097,0.13352983581384495,75.91992599999867
1.5956606121310797,0.3047511059213213,1.4669480169471325,0.006571755845250627,0.889594385964976,0.29159430554790455,1.0327147565680121,0.010368616436835476,0.13352983586686135,92.92492099999981
1.4244869306727086,0.13065757505329925,1.9167247230366327,0.009165537841500213,0.8895723238597282,0.29160075693748855,1.0327155232146552,0.010368136789089696,0.13352983580899117,71.22567100000015
2.2026455972922756,0.24198092158962045,1.6514305711497053,0.007864332614792234,0.8895580404098838,0.29160604675429724,1.0327076475809966,0.010367578148189607,0.13352983583800962,92.71221499999956
1.9546146358141523,0.26304048295126636,1.5540533194095354,0.008010502533678304,0.8895069648368834,0.2916183775258325,1.032707846859022,0.010368541145232883,0.13352983586910333,87.27570100000048
2.2444341691964276,0.3869430452699934,1.553447871056392,0.013017670575486934,0.8895655540763707,0.2916047050610018,1.0327049300485505,0.010367754980122422,0.13352983590007753,149.96901499999876
1.694862361563923,0.13466017012500114,1.89038097615444,0.009352662728897782,0.8895935402935129,0.2915950641764382,1.0327124729405481,0.010367950570507031,0.13352983578953492,97.37272099999973
2.3253290508059106,0.2387515342371036,1.9621383617289663,0.008644568005608633,0.8894974933937811,0.2916223328788844,1.0327104063621273,0.010367624411584415,0.13352983598621904,115.50819600000068
1.2546862876703082,0.1417593319178412,1.5749555681745389,0.0033736819802103364,0.8895124129571375,0.29161731728735485,1.0327103622257727,0.010367917957304726,0.13352983582501265,95.67540599999847
1.8778144709066826,0.3868006773033133,1.6975375823642764,0.00588151157828722,0.8895330618962084,0.29161107504885775,1.0327145298752982,0.010367684778476206,0.13352983582370717,93.48012600000038
2.2923660342762315,0.16552544427231625,1.556450058870884,0.009240109059583989,0.8894769247761158,0.29162378187999743,1.0327156101630692,0.01036954994381193,0.13352983630905402,80.42883099999926
2.0591546549603663,0.25585019413760063,1.3760786170412662,0.00859436469208444,0.8895956929341533,0.29159485376538896,1.0327093706747692,0.010368934687475089,0.13352983587573786,93.06736099999944
1.5180120360962,0.27937852035699584,1.5549159339751422,0.010499381080869934,0.8895656345610207,0.29160392013911596,1.0327120459883727,0.010368864667769784,0.13352983588059553,94.74277900000016
2.29925685136542,0.2813184744272953,1.4863898473139292,0.013983162951353767,0.8895091803997048,0.2916181546892387,1.0327093166707808,0.01036774903874749,0.13352983584109568,80.79442600000039
1.5915384299388453,0.22715334968883846,1.5599418667948042,0.008995050508569268,0.8895306716572378,0.2916119067849821,1.0327082119626096,0.01036850540545884,0.13352983583488726,67.36577299999954
2.2458963512040717,0.18229417914333668,1.97740153223734,0.004089897075089345,0.8896065184011677,0.29159237631275425,1.0327167274607887,0.01036639099008858,0.13352983615896769,110.83060099999966
2.4374435220078774,0.10346485946458439,1.8336972959498514,0.011389901942170632,0.8895681547178613,0.291601814100535,1.0327017427015177,0.010368287186691739,0.1335298360984791,97.29524300000048
1.054092211788701,0.2679271610216986,1.3190068450288328,0.010165882179450407,0.8895411176263428,0.2916081969794476,1.0327118153446762,0.010367611925109077,0.13352983584650546,74.66148000000067
1.0343634173095126,0.33624141732061597,1.6341531312894537,0.00791917626762682,0.8895667978294834,0.29160227231474967,1.0327148518943419,0.0103679137914231,0.1335298357970402,106.83008999999947
1.7752044807001945,0.33234268277617024,1.3324757923751276,0.00797070920788935,0.8895446736011083,0.2916082706690063,1.0327147726390642,0.010367861763276295,0.1335298358112166,111.01037499999984
2.4466469037561858,0.1699974212370456,1.7577490814758139,0.0024469355883064816,0.8895997120989876,0.29159476499359593,1.0327076136376723,0.010368608257245105,0.13352983583743752,191.78071799999998
2.404123467019044,0.1907649119314092,1.3829731444839948,0.014533074556104121,0.8897265799867264,0.29156585480305974,1.0326918823358398,0.01036728011683884,0.13352983730812845,115.34278400000039
2.243152391029441,0.19720582580509718,1.8971326101865127,0.0139215030754339,0.8895730648995828,0.2916004596826718,1.0327084292648567,0.010367527633598042,0.1335298358452441,150.46429599999828
1.9902335643977336,0.16420512689202393,1.2556332513246107,0.007268279179405558,0.8895874069482762,0.29159535315851337,1.0327079213308215,0.010369499178046977,0.13352983628516246,87.09692599999835
2.2498398297615947,0.20958596892674364,1.91736966530656,0.0022847729887983306,0.8895822605830668,0.2915986744268337,1.0327151500335896,0.010366701081361106,0.13352983600071128,131.64214100000027
2.205480406794233,0.27779864053606584,1.9304775725007102,0.005033418535248341,0.8895572980932429,0.29160461482459027,1.032705553450678,0.010368031880912964,0.13352983590397483,155.81658099999913
2.291343135930181,0.18178174260766902,1.7839069887393135,0.013561893482811912,0.8895064343429481,0.29161888151248605,1.0327037070782148,0.010367731860205873,0.133529835965835,125.77542099999846
2.2657774547926257,0.3104732192059628,1.236198737046893,0.0027394652912884616,0.8895006237748542,0.29161871333368883,1.032712683992179,0.010367834305432144,0.1335298358897772,115.27075600000171
1.7757609571840118,0.21910049873632345,1.7124929363860582,0.003884254282114338,0.8895468130453716,0.29160976779057146,1.03271707810855,0.010366955936706133,0.13352983632656745,89.40125900000203
1.0954049884700146,0.2021428471427703,1.9070385081250427,0.011010688075351483,0.8895257266797716,0.2916120141947492,1.0327094319011083,0.010367573924300964,0.13352983593204004,79.968324999998
1.9395359374552155,0.12737563669833535,1.951567678160705,0.008725757267697871,0.8895674001927877,0.2916028983159117,1.032709559730399,0.010367382125584333,0.1335298358170987,108.52927900000213
2.1753407518264303,0.22422328662649968,1.8998287465473949,0.01456181519616676,0.8895439786561703,0.29160759597363634,1.0327046539628322,0.010367425688234379,0.13352983605987911,99.98070000000007
1.5353752012708934,0.13846766952179085,1.3235513304488864,0.0041961504342778845,0.8895656878999192,0.2916019692110827,1.0327121529192251,0.010367136737812192,0.1335298358801743,107.03006399999867
2.0958715528661065,0.3683076441408764,1.7107559835499115,0.011283670193094683,0.8895423256060571,0.2916080537123765,1.032718722147869,0.010368195553354331,0.13352983590685225,160.50749299999734
2.319482336261613,0.2718753102789508,1.2719350183017666,0.013501644710961602,0.8895284130952767,0.2916118207299865,1.0327128899118367,0.01036791987205065,0.13352983581399872,111.22412099999929
1.7694420568574856,0.3284388904171976,1.627989076174408,0.0037081688747041992,0.8895395531645833,0.29160878028793286,1.0327122118848084,0.010368458439690465,0.13352983582883368,79.76034599999912
2.314580149742617,0.2602896153941895,1.6038394457996432,0.004391251121719119,0.889517455066414,0.2916158431065739,1.0327095387903942,0.010367881744298157,0.13352983581427816,102.27320499999769
1.6397696197796223,0.23440792286447143,1.808062656324841,0.005274930257631649,0.8895941451271816,0.2915965691712113,1.0327140351608577,0.010368276494581712,0.13352983588931375,86.5409069999987
1.503652495253071,0.245006442064325,1.976261848560481,0.010835275009159956,0.889564410189765,0.2916028156281648,1.032713106369458,0.010368273391161129,0.1335298357799004,192.78493700000035
2.014112387759368,0.2561730724174696,1.824628267425501,0.009418766698335228,0.8895797481544421,0.2915987028143749,1.0327106924692528,0.010368049241842469,0.13352983578564312,82.38813500000106
1.5068275995713796,0.2079170915351848,1.492759739940908,0.004869228824630173,0.8895779364904287,0.29160070574256547,1.0327113652263444,0.010367319302702523,0.13352983586766548,97.78322000000117
2.3216488168100065,0.25862023658537076,1.70546270964545,0.010281361907422189,0.8895243235929331,0.29161371775720496,1.0327115465542682,0.010367129598964589,0.1335298358841659,103.67604200000278
1.0751156929794068,0.16725113083019355,1.7364261359512339,0.014160093777209913,0.8896072096676413,0.2915926451101662,1.0327105594067998,0.010368745845763687,0.1335298358445867,82.97222300000067
2.2953890415074136,0.15505090709698613,1.2011209591306382,0.014882376267299545,0.8894967750361563,0.2916217774017985,1.0327078439113926,0.01036742228991496,0.13352983592713447,63.59480900000199
2.4230893967285976,0.11871480450066618,1.7755240904849976,0.00531825463238007,0.8895549364443742,0.2916057155879225,1.032709222053068,0.01036873084173257,0.13352983582133116,103.28905099999974
1.0846580487973398,0.1808571730497004,1.869356571965277,0.003180359512534794,0.8895280845076465,0.29161231514657754,1.0327041669476327,0.010367649379562248,0.1335298359916456,91.05608700000084
2.3778742454433206,0.29363820242159916,1.4206103841608768,0.008395246954986486,0.889548592881807,0.2916069359440152,1.0327163515459277,0.010368508051257799,0.13352983585445047,111.11383299999943
1.778120962305802,0.3443153155918239,1.221379302173563,0.013352389672263565,0.8895813472994321,0.29160035806771734,1.0327108116620631,0.010368352011076753,0.13352983587074113,95.98100499999782
1.1656504150665061,0.16261216585161356,1.7328281251935718,0.004856465883619,0.8895264589241918,0.2916131778273817,1.0327114517359628,0.010368122804775351,0.13352983579123423,88.8412709999975
1.3768811982292872,0.28756473247906944,1.3549022998789284,0.01031468874030889,0.8894993913142786,0.29162025457250307,1.0327116363102,0.010368049502310617,0.1335298358402658,86.67548100000204
1.733091507048197,0.2670412426654651,1.7050006689298036,0.002198630783048033,0.8895033438378236,0.29162004053154816,1.0327110857490673,0.010368043590946681,0.13352983586707895,170.78610599999956
1.341031841606965,0.30046130849559616,1.8920367413004997,0.01481190942096033,0.8896221474494568,0.29158738313356064,1.0327131964686505,0.010368566259856462,0.133529835871366,88.09185100000104
1.3887363672174562,0.33625332579221345,1.4347384286041267,0.013293872359396509,0.8895835873566049,0.29159730389109006,1.032708362751197,0.010367414716781948,0.13352983590686585,113.32053799999994
2.377744114803691,0.18817479669373016,1.2649516783807881,0.010055159446785438,0.8895632764185153,0.29160337765003824,1.0327111234183723,0.010368855062296808,0.13352983582964895,118.6703239999988
1.103261733108952,0.19611385632731992,1.3345303329709566,0.014877455874491857,0.8895756882815327,0.2916017879585118,1.0327088171224392,0.010367819534676519,0.13352983584469497,78.59038400000281
2.2365202513846776,0.3044508879481399,1.3048054411993557,0.014485634584105817,0.8895711621081788,0.2915997805639965,1.0327091684422682,0.010367548786596185,0.13352983598224447,90.62476799999786
1.086185364501728,0.2585416412126567,1.7479515054334236,0.014414179970192724,0.8895902125033267,0.29159470219890876,1.0327135789932138,0.010368859486727933,0.1335298359773206,61.42415599999731
1.3757824942083423,0.360560045008492,1.4385414164665145,0.012213730851343581,0.8894770111286463,0.2916254014089841,1.0327154956835005,0.010368331531454125,0.13352983594692894,66.95683899999858
1.1218279909236633,0.18158777392837325,1.488712278248878,0.014921503320593636,0.8896107632474362,0.29159219329992286,1.032705886719465,0.010368705533644444,0.13352983589679548,102.07831100000112
2.4493119111428445,0.34476909536799477,1.7285320816995358,0.011105749637784625,0.8895598259477537,0.2916046309968795,1.0327099967734341,0.010367627389617468,0.13352983578566657,116.81379100000049
1.6358793812457164,0.37859640335819833,1.4064573200004271,0.0022374363099375324,0.8895849358432264,0.2915964956859203,1.0327182291550843,0.010368371003772586,0.13352983591001127,114.82741499999975
2.4306944626778626,0.18872521287658126,1.2334648595187439,0.007527327284410462,0.8895695546699969,0.2916037646176377,1.0327070984839288,0.010368221192915139,0.13352983587973635,85.13460199999827
1.5547462399290533,0.18183457003802694,1.2832630366781117,0.009085421409008488,0.8895809163482075,0.2915982834120006,1.0327129281375729,0.010368501626946665,0.13352983580681788,70.2102040000027
2.2207825935278853,0.2904291999046502,1.8755700384352605,0.008303504458743819,0.8887943684221213,0.29180474718338295,1.0327204061364093,0.010363528833592562,0.1335298483047454,52.59960399999909
1.2738959215319081,0.391760813395938,1.2142655088185756,0.006792737308121234,0.8895665283346554,0.2916022103719071,1.032717784727298,0.01036832558897018,0.13352983587703127,71.59966400000121
2.1616909073605393,0.3937101381717792,1.9944016981675772,0.0036742817627535207,0.8895856857744693,0.29159830515679763,1.0327088611676603,0.010368520938040807,0.13352983580266253,120.61703800000032
1.3443420423990529,0.14933093410728332,1.5170110504371617,0.014051264833339802,0.8895512915390531,0.29160631782125634,1.032717043619631,0.010367992810293589,0.13352983585431918,64.22010099999898
1.876100850494743,0.30867945649355577,1.681590682886721,0.01438078232140647,0.3986822211336143,0.5810314339435516,1.0307687771861667,0.012388433123213485,0.1378063968844041,86.95371400000295
1.43738617401555,0.17514249340520444,1.3662339079080301,0.00620705175510615,0.8895302888324419,0.2916116981371697,1.0327089349399434,0.010367698372713157,0.1335298358344723,67.66201100000035
1.7490366252872709,0.30903019397016757,1.804087681192852,0.004812600931078137,0.889529017376633,0.29161181188585716,1.0327159359710363,0.010368195400463482,0.13352983584250216,93.65888099999938
1.530195999458337,0.251185240662274,1.8506688802260016,0.013394904048226526,0.8895894170910335,0.2915973834970913,1.0327130527305872,0.010367952098390663,0.1335298358146263,104.81454999999914
1.6205779725038112,0.35251012539932114,1.255704134623496,0.0045704045189396865,0.8895301460949987,0.2916130265979231,1.0327118255555165,0.010367885964769435,0.13352983583232034,111.30391899999813
2.399136695781262,0.24230256435510825,1.9306072347221046,0.009625263121600256,0.889601685919033,0.2915930019046334,1.0327066330488188,0.010367646707430251,0.13352983590461837,81.99047599999903
1.3710029018483452,0.35631222788015227,1.370595093931631,0.013661761723355028,0.8895817676114519,0.291598840724406,1.0327147407635087,0.010368832884689757,0.13352983587086015,107.50633500000185
2.16802583649006,0.3119080174464299,1.9816649216743587,0.00988588639765953,0.8895646816432432,0.29160264978707484,1.0327209421835573,0.010367390483857252,0.13352983604544225,81.30342499999824
2.3569914180886222,0.34473135416051537,1.5973676183006007,0.007629233198437517,0.8895352417901365,0.29161018130566124,1.0327112563131229,0.010368126991736575,0.13352983580189845,103.9848099999981
2.2850025747508305,0.14507904154818313,1.351473726174331,0.0072317887213317516,0.8895489350818149,0.29160954197752453,1.0327106727555067,0.010367632193959225,0.13352983601981186,87.66233199999988
1.8197253788862287,0.1651334409503189,1.7327624305483706,0.004192904352162186,0.8895745901073211,0.2916011158346555,1.0327150127968667,0.010368363331391604,0.1335298358524457,87.22648800000024
2.423453887375464,0.3718877823027176,1.9448069608574867,0.008701838098086266,0.8895937157886474,0.29159616238909797,1.0327098858592678,0.010368019621221268,0.13352983578238703,174.8878990000012
1.7501320829928295,0.13275793044865994,1.9657447497716098,0.014304929782634587,0.8895315368137349,0.2916107764231055,1.0327147114090782,0.010368208245428109,0.13352983583363756,91.46501600000192
1.131342314238092,0.13238974222730154,1.8962849974582263,0.008846887866724001,0.8895855767856876,0.29159690311194175,1.0327080744539505,0.01036740367940552,0.13352983590337902,101.88577100000111
1.124827718730979,0.36825661983121355,1.7052534750291093,0.013450610874138994,0.8895457526579758,0.29160907443623457,1.0327097954818958,0.010368086333951705,0.13352983580242367,125.86655900000187
1.6741377905885992,0.12865077442304204,1.8700092148835075,0.010200473179748584,0.8895689052643252,0.2916005468202275,1.032712797895516,0.010368120925647414,0.13352983585848277,108.60059200000251
1.2002327167098639,0.1076861446410334,1.897107523344083,0.01132645594406412,0.8895828508078576,0.2915996501061134,1.0327129056726922,0.010368177414043485,0.13352983586652617,92.81827799999883
1.7244622214499026,0.12894592878521557,1.7799397352881723,0.004624566195522692,0.8895453032755466,0.2916073564935685,1.0327110770999886,0.010367090814935375,0.13352983590028855,80.56415399999969
2.2721190259714517,0.22212487698001065,1.4966333457112944,0.006760191473915628,0.8895487793740016,0.2916083463183471,1.0327043390822728,0.010368030333617897,0.13352983587019368,85.31017000000065
1.69606762198674,0.3279184575900416,1.4806574320583175,0.013160312547152907,0.8896820983945282,0.2915719620967112,1.0327064747056285,0.010368578952363707,0.13352983614086733,157.87160099999892
2.1551031570059593,0.2753944526664872,1.9536613824739122,0.011577531219705962,0.8895378717271609,0.29161025526545403,1.0327131114233319,0.010367418269292543,0.1335298358346857,141.02889499999947
1.429950884122308,0.11669598318130403,1.7085133621228041,0.010233376098934772,0.8896066159886005,0.29159195177643094,1.032719406059684,0.010367518563980768,0.1335298359914601,99.83074599999964
1.5815259249945943,0.17789107503498472,1.7000734817371652,0.0032276764590043585,0.8895608279683294,0.2916030938539843,1.032717033134983,0.010366479917159131,0.13352983608946267,148.33177499999874
2.473510335655909,0.17156454278228114,1.999019305718473,0.0027135687029539,0.8895524022426676,0.291603518567543,1.0327214702245961,0.010369084788884087,0.13352983624925743,116.85770799999955
1.5096725486603604,0.34600220716134145,1.344657388694355,0.010096193887436758,0.8895355399626249,0.2916107491384532,1.0327111927842294,0.010367356443163016,0.13352983583088296,123.48304599999756
1.3006237993595278,0.11307606973850914,1.844874297395064,0.0035711423706518714,0.8895526364177193,0.2916081338662192,1.0327082079213945,0.010368567936710106,0.1335298359003499,104.26420399999915
2.4761803307404078,0.31939909422422263,1.5409440801331122,0.014118833891625498,0.8896032306933233,0.29159276009044677,1.0327086827959133,0.010368607513697517,0.13352983585574707,77.88455600000088
1.9368303351434732,0.2862462746056208,1.321637469940885,0.011368604457795698,0.8896260365445988,0.29158791926198036,1.032706251266756,0.010367934373695008,0.133529835870835,91.6349310000005
2.4775017988426686,0.3484961113133157,1.8559722299772727,0.014104447945283136,0.889580090760058,0.2915993656687358,1.032705020136502,0.010368590264718473,0.1335298358930757,197.40832600000067
1.1192749103393347,0.12834366753533144,1.4740682878963942,0.013242088447748525,0.8895573349255929,0.2916048332446367,1.0327085456324747,0.010368878503208067,0.13352983586507355,98.6059290000012
1.9460088411112058,0.23798093345945792,1.7944531840775526,0.014871884439277156,0.8895363547210876,0.29161095506996304,1.0327102162419166,0.01036934209413596,0.13352983594297715,134.5518059999995
2.0199731976287385,0.2029236681337988,1.9883473309360178,0.008547827307627492,0.8896013865437881,0.29159417354154227,1.032711033115406,0.010367822364866903,0.13352983579812583,85.59563300000082
1.620186765431428,0.37185596705275314,1.6057549989163746,0.011443692569433334,0.8895683973087078,0.2916028341582623,1.0327055180930054,0.010368137100896497,0.13352983583216804,111.38550100000066
1.604306675681799,0.2350269442699462,1.8188270333092031,0.0034368588289646128,0.8894967016748972,0.29162043457500675,1.0327129966464685,0.010368270731680358,0.1335298358590818,92.31349799999953
2.4597034903480903,0.19208917661997338,1.5142714431799922,0.00924279041376751,0.8895196254833507,0.2916156689659155,1.0327104160260032,0.010367286058288088,0.13352983588812445,79.95844800000123
1.6040791594545294,0.2585117941414652,1.5370526330014425,0.011371913491251174,0.8895889123385625,0.2915976935057453,1.0327100412269312,0.010368693266426065,0.133529835830564,156.82800100000168
2.202677739573948,0.33262997006045825,1.2729685852962735,0.003902517368775431,0.8895939889421715,0.2915972478943086,1.0327091824811214,0.010368004361170479,0.13352983587647033,107.39354699999967
1.5887087837226783,0.12610522426477214,1.486547772762573,0.008628955292568836,0.8895898282387769,0.2915987503861701,1.0327054527910673,0.010367426232220749,0.13352983597450846,74.14109599999938
2.118053898458878,0.1496926033301646,1.4997094422164885,0.012084564274869345,0.8895619216816975,0.29160334921228903,1.0327086126115463,0.010368670709153437,0.13352983585495604,82.33721199999854
1.0945108222261384,0.21661773962814304,1.9593911516555031,0.007355395499750654,0.8895393509469038,0.2916109179933365,1.032708696968274,0.010368809854221131,0.13352983586945244,104.57083799999964
2.161007727992923,0.10209758577894687,1.4747124324242677,0.003405612213616375,0.8895498551002711,0.2916085463518111,1.0327128190143946,0.01036801897330954,0.13352983591258016,104.95999900000243
1.8634494345680497,0.35039834937936554,1.7121303341819063,0.0080377966382864,0.8895964892657853,0.2915944157292245,1.0327156168884848,0.010367832739506158,0.13352983582646782,123.99571099999957
1.2653022449763822,0.3985060080711604,1.887285022809245,0.003884925589473988,0.8895189513916925,0.2916147162732934,1.0327119203660442,0.010368260699995798,0.1335298358106863,97.33440200000041
2.30353606853208,0.10572237630247908,1.8809269404336009,0.01145286050764339,0.8894989746906437,0.291621985391442,1.0327172087648933,0.010368931887690532,0.13352983627797577,92.4224839999988
1.1240067172582535,0.1609526884159196,1.4544193357150528,0.005582615339700032,0.8894856235574424,0.29162281486501207,1.0327144594211215,0.01036831518416535,0.1335298359175309,132.1970360000014
1.157421720252389,0.17369549033054585,1.7641797198981182,0.014854264833007608,0.889597908735964,0.29159401308664934,1.0327109451185863,0.010367206803384765,0.13352983586189318,80.98448700000154
1.529936786861533,0.2503712004511884,1.779457683080075,0.006604610224706163,0.8895490082797186,0.29160789467857695,1.0327076870446992,0.010368966480431216,0.1335298358730596,105.10560599999735
2.3414514256424845,0.22292376512864356,1.367349113016835,0.006324445851973463,0.8895742944424854,0.29160164170542446,1.0327100967817877,0.010368915762541057,0.1335298358653414,70.3712549999982
1.9898750384538268,0.35243608949083644,1.9998620618435945,0.003838412097260935,0.8895625710882321,0.2916040522941753,1.0327082581884959,0.01036769618972689,0.1335298357949321,111.05461400000058
2.017282057470411,0.29588801381185253,1.255308377891926,0.012985744770020633,0.8895239430643853,0.2916150974107215,1.0327094755807589,0.010369614903593435,0.13352983608119862,96.17686799999865
1.8849675864387005,0.16615461975981588,1.957537381436758,0.01450792471546864,0.8895344038689195,0.2916106451981148,1.032716598924047,0.010368433824155943,0.1335298358669056,86.08765200000198
1.2498371286415155,0.2691786835968153,1.8936440868568887,0.0033217775400781633,0.8895329229416687,0.29161127120652464,1.0327095283566243,0.010367963457631316,0.13352983579638325,153.07151800000065
1.1740658826117996,0.20631724600064083,1.711493107961598,0.006040643882715833,0.8894693226036361,0.2916278901004368,1.0327145408005254,0.01036793300800553,0.13352983595454143,79.14024600000266
1.8723434927938882,0.16672359563721706,1.9617278207439268,0.0022551300942229035,0.8895737161993307,0.29159970200497787,1.0327102832244333,0.010367492382017653,0.13352983586981887,106.67914700000256
1.1777745215488407,0.1366698032612151,1.8131075613894225,0.0034958108437647545,0.8895386489586684,0.2916111778175812,1.0327084597825835,0.010367816609052838,0.13352983583486566,116.90889700000116
1.0397426278036423,0.37450066873844057,1.3103158805993174,0.012494425884313725,0.8895495835052771,0.29160754625601404,1.032712066590375,0.010368289278665052,0.13352983578825126,96.39900900000066
2.338672774276844,0.14524938252910072,1.4978590122904714,0.009764401948643567,0.8895825613431037,0.2915979501246221,1.032709957222467,0.010367466155517011,0.13352983582937933,88.2878669999991
2.3366171424357667,0.30457810925201245,1.2795778554732085,0.009157381949245244,0.8895868013506867,0.2915968909873675,1.0327082060884167,0.010368059583528653,0.13352983582953482,125.17415800000163
2.3715481034154138,0.31081983414205333,1.9707999815651198,0.003001824353673109,0.8896318917600159,0.29158619767632477,1.0327092733010086,0.01036754543347728,0.13352983586391753,111.64645200000086
2.1040064429130063,0.3864696363470347,1.2386263776124213,0.005498025579188055,0.8895521677376284,0.2916077529411144,1.0327087744566348,0.010367798473216932,0.1335298358339444,84.78598300000158
2.3359773606296073,0.27089805673102685,1.787707872391229,0.007357180341083812,0.8895661078785349,0.2916033816068798,1.0327124864981663,0.010368216172899538,0.1335298357936331,95.56470300000001
1.5792985785881477,0.1350200808306408,1.3122537259784584,0.008704476988426791,0.8895884577164568,0.2915983313142113,1.0327105944237112,0.01036799742054461,0.13352983584307676,74.12416099999973
1.1008240315276627,0.1508193814790439,1.9656309079643939,0.004819879709419942,0.889566453311812,0.2915998817253882,1.0327196398227039,0.010367839120683002,0.13352983608048175,88.71477000000232
2.3195215784161425,0.1746455940777346,1.8592775475901744,0.00515707058986464,0.8895464165042626,0.29160730046524047,1.0327127749574774,0.010368762456254257,0.13352983583802386,92.23165499999959
1.0949960678440056,0.3235576293358531,1.485415105311717,0.007305174874540215,0.8895744846434361,0.2916003861162697,1.0327087555642946,0.010368192322472013,0.13352983579359162,100.04074000000037
1.5241901199219954,0.36252092026368465,1.7284329475500881,0.006312219736950779,0.889546526703565,0.2916066565568656,1.0327092282624424,0.010367075239326503,0.13352983597891815,129.01927699999942
2.2727121916538637,0.25038798597965206,1.6568276994196869,0.014120337976181473,0.8895725895290469,0.2915996269077922,1.0327091015318066,0.010367938714491187,0.13352983592491313,161.2260520000018
2.25095897308194,0.3843363182976685,1.741360483713806,0.01345350896394078,0.8895829876443735,0.2915992861849299,1.0327052701449877,0.010368665352729844,0.13352983587596937,123.84657700000025
2.4928056267238894,0.3791167592462343,1.4680187625741166,0.007654103833825482,0.8896049412314525,0.291592812221821,1.032708803224741,0.010367909022529693,0.1335298358010354,92.06279200000063
1.6820639517089395,0.3064381864858908,1.756414087689294,0.009209864999639876,0.8895304724100029,0.29161119535340796,1.032710649921412,0.010367925798622836,0.13352983583212236,138.68519000000015
2.0639842434644144,0.17033747484405684,1.9612221537669985,0.013521245876231238,0.8895661450453778,0.2916015940998462,1.0327183319056257,0.010367157437871746,0.1335298359601689,99.39812099999835
2.076474297309172,0.20897115718418147,1.6183938171513677,0.006234375485186571,0.8896106976777682,0.2915915165673797,1.0327122070383172,0.010368000790003093,0.13352983580355957,89.78522900000098
2.1307312452979748,0.1743120452472135,1.3763144597470829,0.010915380637553708,0.889636883867587,0.2915835703132925,1.0327124296594743,0.010367972111346414,0.1335298358687337,79.48146799999813
2.099504267965365,0.21296713869158132,1.4640502560568436,0.00695955444440491,0.8896287704774627,0.29158545316107354,1.032719055878757,0.010367896511330289,0.13352983596697524,99.39966500000082
2.1851108458136563,0.26480061910240543,1.6153760832477562,0.010747530982413407,0.8895381683147463,0.2916104203879214,1.0327084721383393,0.010367151903482304,0.13352983587848857,97.60866199999873
1.5967889250649119,0.2532426496234712,1.8587717646726842,0.007468537711315734,0.8895668508523801,0.2916015760630717,1.0327170052679138,0.010368250289013625,0.13352983585187594,113.2643190000017
1.8609800947124897,0.21363620344593273,1.298285916015565,0.004592749918329106,0.8895602569115192,0.2916057189664105,1.0327047913740346,0.010367603523986805,0.13352983589032852,116.97150799999872
1.0416343784944235,0.17110816039338655,1.331695132175707,0.006408009385869002,0.8895415021681803,0.29160876701287375,1.03271611479394,0.0103684589812997,0.1335298358489635,70.2823329999992
1.4288619473498567,0.24923123297883923,1.7407984616511447,0.010551082575130499,0.889595598319269,0.2915959421608905,1.0327087659597518,0.010368120612024499,0.13352983579752747,150.26917999999932
2.0859233746511276,0.17415005981438728,1.6076344582525266,0.0023425195195492733,0.8895705786540269,0.29160121632584995,1.0327181410020223,0.01036746896664911,0.13352983591636197,120.09294099999897
1.3908135853584822,0.24088000180269628,1.4322881446590765,0.004894361003431591,0.8895495730425611,0.2916074113471464,1.0327135054456291,0.010367469985730727,0.13352983583373926,149.01704299999983
1.1379762881984061,0.3501416577945835,1.628337484070891,0.013551850052814602,0.8896095452403239,0.2915901727981678,1.03271555612287,0.010367481285465587,0.1335298358946259,114.98539299999902
2.2433497815801697,0.11610977721235063,1.326908987906403,0.012845494732113995,0.889610776222645,0.2915893026760382,1.0327117015978757,0.010368303442257648,0.13352983596856816,72.01838500000304
2.2864801233408665,0.38743642223004615,1.5324781726454995,0.007748899971329542,0.8895735583253759,0.2916005596939075,1.0327096029673148,0.01036726859522738,0.13352983584270342,135.3864029999968
1.900529872972943,0.1468484037417881,1.9765256644409637,0.002637220411830071,0.8894975499727262,0.29161937435921326,1.0327167297673159,0.010368394497820725,0.13352983594244855,139.92811200000142
2.4178084536462676,0.34267888684540515,1.9347121972558268,0.0036799106449837467,0.8895730864330157,0.2916017795326761,1.0327077063769998,0.01036844788364048,0.1335298358065456,128.1419500000011
1.77794307121325,0.33587345155864934,1.9106529734306141,0.011484789075599742,0.8895672693549104,0.2916007961842313,1.032714112830935,0.010368881885958133,0.13352983594965323,130.7881359999992
2.3101601136362193,0.3150258102436034,1.7357903146292901,0.006027268112989544,0.8896083032394819,0.2915918943156568,1.0327095744586572,0.010368191991254242,0.13352983579820224,91.39641499999925
2.1928076479391523,0.3497543944897471,1.3686495347969228,0.002244296335518652,0.8895805293962189,0.2915991095522885,1.0327143680186572,0.010367333288256694,0.13352983585050537,130.9584130000003
1.3407419283199131,0.3644558327154492,1.2374548748452254,0.0093269565393345,0.8896043308447578,0.2915934156710963,1.032703922651947,0.01036751918935824,0.13352983593535206,78.66304599999785
1.3074928642128274,0.27904227011692756,1.2943809392812817,0.01245083195192868,0.8896059786897461,0.2915916888014204,1.0327170869931281,0.010367980650382864,0.13352983586767003,91.1332250000014
1.047625050378032,0.21078081970854956,1.6948138946000462,0.00900565015770309,0.8895437272135154,0.29160785905630865,1.0327138046600375,0.010368275314311674,0.13352983580455213,74.55439800000022
1.5564503197312813,0.2487200951676694,1.8734135781954848,0.011322933517999264,0.8895684742770849,0.291603968933314,1.0327080496312195,0.010365864147232671,0.1335298363765932,78.47486100000242
1.925903932682859,0.38967286749919156,1.5595970395923722,0.007640034101429419,0.8895894778680846,0.2915976373093918,1.0327091267367563,0.010367512419093016,0.1335298358285046,76.97407100000055
2.308492864558915,0.21140599747848693,1.7755533761656417,0.011154727371417105,0.889563072306621,0.2916023288889589,1.032711555671115,0.01036793411240592,0.1335298358387846,94.31423800000266
1.7568185218376935,0.34378876680110776,1.8548791866177632,0.0028279574447294177,0.8896111131487495,0.29159184476315286,1.0327058440238106,0.010367430414201422,0.1335298358939841,124.05721400000039
1.286538822375568,0.38902804512186323,1.7736690206158132,0.00862894969022681,0.8895303975448705,0.2916124707832523,1.0327107239266353,0.0103691608782637,0.13352983590629097,118.92832099999941
2.409475347864205,0.3907342938461593,1.7998943323921777,0.01015834006534077,0.8895587640408797,0.29160663780100315,1.0327096269716058,0.010368378639809476,0.13352983591219914,129.7572020000007
2.030197835856753,0.17489000606668095,1.408120651411184,0.009724927451000022,0.8895777420620704,0.29159954306703006,1.032707630464904,0.010368098514356123,0.13352983581567757,96.792641
1.2338992448138857,0.21306638329279654,1.3968251813969426,0.00936420555382913,0.8896208574535316,0.2915888616522333,1.032710754985176,0.010367981907786237,0.13352983581106836,61.939972000000125
2.1126050913755465,0.34634199291651435,1.5287405651912318,0.009443309392029385,0.8895638442387228,0.2916025781609976,1.0327143138421004,0.010367612885943931,0.1335298358139566,107.63114599999972
1.6387930051228652,0.22268211763433343,1.6063244102498806,0.0049402533052479766,0.8895849195927863,0.2915970898466321,1.0327121371302506,0.010367788350299664,0.13352983580155964,102.5734569999986
2.4882400981271324,0.37941608766213847,1.2423603994320893,0.004885116067598849,0.8895838927430344,0.291598623502593,1.0327076529027353,0.010367627520560958,0.1335298358120664,103.22488399999929
1.1481793169081336,0.24209979773615511,1.8575079036346858,0.009115440659815937,0.889579394315222,0.29160042170856326,1.0327085881596982,0.010367480533786482,0.13352983583910008,94.5403260000021
2.4209910667934116,0.19206978929961221,1.750099613781787,0.002915193458570515,0.8895230758429595,0.2916141924249869,1.0327118627980263,0.010367433563712856,0.1335298358419007,117.90186000000176
1.0564399471467718,0.2007101868327076,1.2636359821843561,0.014312622322217897,0.8895981503356276,0.2915948201816915,1.0327100981122834,0.010367920492720895,0.13352983578310879,85.88954100000046
2.4804135707411654,0.2982567185324655,1.3323075600427574,0.0024579818863534743,0.8895212525490547,0.29161480321706057,1.032711743784425,0.010368103492950918,0.13352983580577443,131.4601670000011
1.0314010615215454,0.23153955911514698,1.6912210878918645,0.011257584986659575,0.8895918736977912,0.29159487252149896,1.0327064577232656,0.010366813031363104,0.1335298361302816,55.91506500000105
1.051034657267388,0.30544885431684143,1.66438408945038,0.01158900654862993,0.8895543124672893,0.29160590727694313,1.0327082329196267,0.01036908087116939,0.13352983589377512,70.98628199999803
1.1420894926423075,0.26018183818896584,1.4410184938282673,0.009965106299691244,0.889546714599607,0.2916078851727871,1.0327095976086693,0.010368423595778319,0.13352983578923058,79.90881799999988
1.2612790297408225,0.3332093834245772,1.60284920043572,0.005785817420313733,0.8895782181112759,0.29159811762818477,1.0327171398646153,0.010367308357121137,0.13352983592693354,99.46979100000317
1.9436919180877281,0.10783397893900307,1.2808414661875516,0.008408184485745783,0.8895235269456444,0.2916144845472435,1.0327097352870647,0.010368039831500763,0.1335298358060491,102.35103600000002
1.8399400749225951,0.12749991667460517,1.780591105834853,0.013466584801112354,0.8896007270522431,0.2915956045035545,1.0327083912994355,0.010368905485559448,0.13352983595661322,76.90827600000193
2.4638648550758147,0.3954493783924637,1.835771380820445,0.009887665257292925,0.8895922087502877,0.2915969005370562,1.0327138862540264,0.010368378616608147,0.13352983586776984,105.39440800000011
1.8081191296850712,0.3006365978215415,1.9665434258974348,0.01346834114992907,0.8895622745628714,0.2916036846296288,1.0327163379624533,0.010368382247253359,0.1335298358488003,200.6826529999962
1.0573030372143242,0.2548599626680017,1.9115783434047071,0.014727003852462553,0.8895271006551171,0.291613013033515,1.0327099520952476,0.010368149106024002,0.13352983579345684,130.92834199999925
1.401945319426921,0.18648637443092725,1.4097547844220761,0.010811970198567986,0.8895321756042158,0.2916121799617657,1.032713393882539,0.010367881787153779,0.13352983583072708,71.09096599999611
1.7548996219169835,0.34961825213810005,1.6684133648001338,0.009479012960249094,0.8895872953500963,0.291599295621605,1.0327054781334337,0.010367504391788018,0.1335298359481733,109.82429099999717
2.134604296790412,0.18145613582850012,1.5432938235521614,0.010715705641091174,0.8895872389923262,0.29159661589192587,1.0327120994250176,0.010368063824999042,0.1335298357893434,87.15237999999954
1.1539924506826156,0.21426641706182342,1.8210571019021333,0.0056666299261025855,0.8896104949239958,0.2915913679789498,1.032714059385757,0.010367866697743753,0.13352983582462166,105.8539230000024
2.40850939813165,0.23789847955475404,1.699704249963705,0.0020643944082332586,0.8895211503097824,0.29161370259451713,1.0327149473392836,0.010367902005672438,0.13352983583953126,99.12551900000108
2.102628994410137,0.24424980884636105,1.969971295722436,0.01216189376892485,0.8895292916382672,0.29161315121339465,1.032707227301169,0.010369401339845985,0.13352983599280088,139.00690400000167
2.3587284721162076,0.3209927164134169,1.2381360525744605,0.00476993766133649,0.8895410131257686,0.2916096336762639,1.0327076535889042,0.010367968259134582,0.13352983580275582,100.46878200000356
1.708787912625088,0.22182806746145692,1.8119243052945713,0.0034069790846590862,0.8895733540681503,0.29160039695403184,1.0327098446614666,0.010367693957168302,0.13352983580371736,132.54540300000372
2.18388133965229,0.39897482447424476,1.3268383470011054,0.007843288647716867,0.8896198725147082,0.29159004215501005,1.0327089212921243,0.010368275613489138,0.13352983585906886,123.3287610000043
1.384705064882684,0.14581081311072314,1.234759226175936,0.014921445379185385,0.8896148933574859,0.2915898766094596,1.0327077280879728,0.01036687309228137,0.13352983598296975,67.88505900000018
1.0702534860684803,0.37658365179761566,1.4328202047931617,0.004590904592755425,0.8895918899217312,0.29159696454769357,1.032707749071145,0.010367998627157902,0.13352983580446193,97.39273999999568
1.3126197243955324,0.24578561356576084,1.9303023624127835,0.0061356221985235816,0.8895403891528786,0.2916106751510724,1.0327078734992239,0.010368230951895022,0.13352983582446543,99.2485450000022
1.3109993621005125,0.31249160788613145,1.9733656606594543,0.012653438361342938,0.8895844417190297,0.2915966702419323,1.0327090901379226,0.010367991391057967,0.13352983590849846,113.59134199999971
